date,a2c,ddpg,td3,ppo,sac,mvo
2021-01-03,2000000.0,2000000.0,2000000.0,2000000.0,2000000.0,2053987.9158004432
2021-01-04,1999488.0832500004,1996560.8599999996,1999254.8799999997,2000523.44065,1999718.3219499998,2047058.2758899264
2021-01-05,1997262.3104500007,1989943.32,1994019.945,1997670.9810000001,1995255.2374499994,2027858.4324536999
2021-01-06,1998359.5881500011,1984787.375,1986145.5006000001,1994602.3151,1991481.4450999997,2015981.121415495
2021-01-07,1994615.779100001,1971552.25,1963958.0319999997,1988610.04785,1987546.2661499993,2002719.2369967832
2021-01-10,1996210.3351000014,1972039.9034,1974374.9943000001,1991863.5201000003,1990602.4674999996,2010868.5820254216
2021-01-11,2004131.2293500013,2000723.02725,1989228.2282499997,1997026.8594500003,2000811.8539999998,2032415.5746045713
2021-01-12,2010318.561600001,2031337.9826500001,1998755.7282500002,2004690.5768000009,2018886.1819999996,2062233.9716749522
2021-01-13,2006324.750200001,2028506.7156,2028796.1282499998,2032753.4451000006,2043429.8123000003,2085956.0756313428
2021-01-14,2010936.6869000015,2081164.4737,2054335.3282499998,2068617.4551500008,2089421.6027000002,2131549.212518939
2021-01-17,2004630.4660500009,2125961.0059,2024900.62825,2051216.3497500005,2099942.73265,2160546.155236498
2021-01-18,2002542.9593000007,2096049.4059,2020984.82825,2046771.917900001,2077337.70085,2134176.0148482844
2021-01-19,2002689.5463500007,2077815.7059000002,2001871.52825,2024821.0881500007,2064581.17495,2123355.250767187
2021-01-20,1996190.4263000004,2068855.4059000004,2001024.52825,2016939.1890000005,2057485.9241,2116172.35604815
2021-01-21,2001772.4553000005,2061986.3059,2003331.2282500002,2018070.3165500003,2059940.2715,2118683.848273575
2021-01-24,2000541.1841000004,2053710.5059,1993627.4282499999,2019749.9397500008,2057442.3373,2107459.109397295
2021-01-25,2004123.8531499999,2044129.4059000001,1995622.02825,2008377.7734000008,2055103.6721999997,2106587.7338582324
2021-01-26,1989604.1094999998,2032389.8059000003,1992716.4282499999,2017025.5762500004,2076848.31575,2133613.602846095
2021-01-27,1984054.6921999997,2038162.9059000001,1996543.9282499999,2026012.846600001,2103960.31655,2164728.8326482587
2021-01-28,1983267.6283999996,2034056.7059,2004581.3282499998,2032592.0647000005,2111610.37975,2172085.3229421936
2021-01-31,1976000.3846999994,2015296.4059000001,2006040.3282499998,2027810.2833000002,2093406.8037499997,2149955.9995187894
2021-02-01,1959777.9220999992,1989386.3059000003,1997266.12825,2011193.9026000004,2060573.13065,2109621.263052702
2021-02-02,1947164.6451999987,1987170.1059000003,1994435.9282499999,2015012.0468000006,2066571.8964500001,2113579.824369732
2021-02-03,1946054.3544499986,1981047.0059000002,1998868.8282499998,2017531.0790500005,2089206.2729,2146674.479042297
2021-02-04,1956791.1873499984,1992870.9059000001,2044724.62825,2069140.9446000003,2142389.3488999996,2207008.696887698
2021-02-07,1932718.5960999983,1977218.0059,2039515.02825,2069129.9897500006,2113838.7381499996,2164233.007798163
2021-02-08,1915021.6858499981,1951228.3059000003,2003386.32825,2024984.4798500007,2064417.9608500001,2102885.9415998384
2021-02-09,1935803.4154999976,1988974.0059000002,2016441.6282499998,2035023.614050001,2078717.7608500002,2122781.2124440838
2021-02-10,1949756.0598999977,2005765.8059,2028555.2282500002,2058241.7132000006,2100846.06085,2144163.231275839
2021-02-11,1941355.5547499976,1992495.9059000001,2077846.7282500002,2116740.6289500003,2169114.16085,2223509.320174586
2021-02-14,1952190.2940499978,2040132.2059000002,2123764.22825,2211893.3066000007,2205468.56085,2229839.85813504
2021-02-15,1973858.5523999976,2050610.3059,2139903.3282500003,2225006.189750001,2200090.7995,2222186.173581064
2021-02-16,1959282.1608999977,2051109.5059,2109571.8282500003,2192666.7798000006,2203018.56565,2237548.793588874
2021-02-17,1952266.8967999977,2021020.9059000001,2096802.62825,2173446.8464000006,2179200.1188999997,2214129.7194659775
2021-02-18,1949670.6386499978,2010704.9059000001,2097541.12825,2171023.016400001,2171107.78765,2206604.0977648436
2021-02-22,1921638.0281499978,1995555.5059000002,2111461.52825,2189416.0323000005,2162472.8876500004,2189471.105963371
2021-02-23,1900305.9572999973,1988532.1059,2139077.22825,2219120.9722000007,2165712.3526,2189505.3483334314
2021-02-24,1917383.6847999974,2004526.9059000001,2134522.12825,2217518.8657500003,2171907.0526,2195748.860696619
2021-02-25,1920661.2471499979,2004656.7059000002,2130175.22825,2199701.310850001,2164349.7526,2189721.9773542993
2021-02-28,1913507.6978499973,2004096.5059,2151695.8282500003,2231142.000300001,2182514.3526,2203146.2788618333
2021-03-01,1926043.1629999976,1999580.5059,2128704.4282500003,2203317.268700001,2167753.5525999996,2192429.7887305627
2021-03-02,1959430.1377999978,2013080.9059000001,2108355.52825,2176112.9516000007,2160198.6525999997,2192106.817908088
2021-03-03,1950503.9574499973,2010817.8059,2088964.42825,2151547.8169,2149063.7526000002,2183896.550124743
2021-03-04,1948251.7284999976,2013313.3059,2094452.12825,2157862.136800001,1911082.7525999998,1848701.334687551
2021-03-07,1962548.9325499972,2081108.7059000004,2150719.22825,2245087.410950001,1988128.4383499997,1916359.0199597278
2021-03-08,1984961.4114999976,2126947.8059,2140221.32825,2238180.8089500004,2002026.4597999996,1930489.3131630865
2021-03-09,1987546.7958999975,2186168.2059000004,2152671.72825,2281620.5623500007,2044562.3597999997,1956988.2442823153
2021-03-10,1985848.2874999978,2260269.4058999997,2176605.42825,2322544.4754000003,2098783.8894499997,2003667.3156274115
2021-03-11,1975765.3758999975,2186544.9059,2151058.82825,2264286.4366000006,2039177.9399499998,1961562.1214561379
2021-03-14,1965954.454499998,2161253.0059,2131082.52825,2252751.22205,2020635.2390500002,1941164.0069763754
2021-03-15,1965253.1280999978,2159599.1059,2133770.72825,2254314.4629000006,2017793.5935499999,1936100.4410142489
2021-03-16,1973688.901699998,2164431.7059,2169439.82825,2307026.7341500004,2037719.0490499996,1947865.779144587
2021-03-18,1954260.4399999978,2150948.0058999998,2139731.9282500003,2255660.956700001,2008338.56345,1926434.9201953753
2021-03-21,1920988.5912999974,2100500.3059,2100182.7282499997,2197420.3631500006,1962032.3372499999,1885233.123959307
2021-03-22,1939586.1009999977,2137348.7059,2154332.02825,2284382.588,2023841.2014500003,1934520.7192941478
2021-03-23,1941677.9046999977,2108193.1059,2125999.8282500003,2237282.7835500003,1984820.5990500003,1903724.768121586
2021-03-24,1918957.9225999978,2103792.9058999997,2118699.9282500003,2226133.544400001,1980653.588,1898251.3902386355
2021-03-25,1928250.2440499978,2125831.3059,2122020.72825,2240269.2188500003,1995863.0879999998,1909322.7206365296
2021-03-28,1926453.8452999976,2126727.5059,2108416.8282500003,2220794.937650001,1988850.088,1901892.0653111807
2021-03-29,1930640.240049998,2145564.1059,2111604.62825,2232145.632400001,2003700.288,1912574.5510996887
2021-03-31,1907330.5287499977,2112944.6059,2090039.0282500002,2201081.856900001,1976477.8980999999,1887989.119120406
2021-04-01,1909621.2414499975,2110722.3059,2092460.4282499999,2207338.6019500005,1975106.3276999998,1887153.3380321017
2021-04-04,1857285.3405499982,2030037.1059,2066303.8282500003,2164592.850350001,1923370.8277,1838817.6429039864
2021-04-05,1887110.6096499974,2052192.5059,2083839.9282499999,2189651.0562500004,1941399.8277,1859210.054535944
2021-04-06,1905707.3615499977,2084360.8059000003,2096150.62825,2197064.085150001,1960152.6277,1880286.4212730941
2021-04-07,1918877.4956499974,2128598.2059000004,2121164.22825,2230560.5947000007,1995939.7277,1908786.0125111723
2021-04-08,1901449.3832499976,2111879.8058999996,2105248.62825,2211859.20785,1983511.7277,1893882.9162180251
2021-04-11,1874552.6173499976,2055994.8059,2065752.5282500002,2170709.613300001,1940986.0216,1850960.2091954371
2021-04-12,1879130.5464499975,2053884.0059,2063211.62825,2168854.6310500014,1937880.61555,1850357.2357797883
2021-04-13,1901576.7790499977,2073634.1059,2091486.52825,2207209.9594500004,1959139.9155499998,1870418.7481462604
2021-04-15,1912574.9072499976,2076037.3059,2096641.42825,2213834.1052000006,1959796.4639,1872936.502662579
2021-04-18,1911591.0110499982,2064035.0059000002,2090286.62825,2204687.2706000004,1945963.7639,1858577.9392013103
2021-04-19,1921442.8097499977,2065646.5059000005,2090518.62825,2206417.563800001,1945309.4639,1859020.0287108412
2021-04-20,1952694.9237499977,2085001.6058999998,2097331.02825,2211983.3673500004,1954496.97015,1870702.9907070661
2021-04-21,1958796.6929999979,2087852.2059000002,2095141.0282500002,2200665.485150001,1951311.9449999998,1872176.7151471279
2021-04-22,1958238.7929999975,2094423.1059,2092262.32825,2196681.6913,1952908.7592499997,1871621.5391295957
2021-04-25,1983270.7929999975,2114881.8059,2117092.12825,2227229.8324500006,1972199.97985,1891753.083384246
2021-04-26,1975959.7929999975,2119357.9058999997,2106844.52825,2207501.191400001,1966815.9822,1890557.5446534716
2021-04-27,1956504.4929999975,2104545.5058999998,2113585.12825,2215106.7191000003,1963062.8241499998,1887738.9653766262
2021-04-28,1967735.1929999979,2106098.6059,2136873.8282500003,2251271.290000001,1975186.0191499998,1898709.439655452
2021-04-29,1964434.9929999975,2105277.4058999997,2119875.32825,2223310.91325,1964253.4755499999,1896322.6218755331
2021-05-02,1953254.9929999975,2104983.7058999995,2068720.82825,2155415.9230500003,1945721.4420499997,1875893.407874143
2021-05-03,1942503.9929999977,2092741.4059000001,2056473.12825,2138135.972300001,1935780.54885,1864726.8707834543
2021-05-04,1939961.8929999978,2112201.0059,2032959.02825,2099286.249950001,1936118.5488500001,1862961.9709868834
2021-05-05,1939302.1929999976,2115768.7059,2013959.32825,2064669.6811500005,1926600.34245,1856885.4442758504
2021-05-06,1945561.1929999976,2135943.1059,2041140.72825,2113254.0343500003,1952451.1424499997,1879779.369438054
2021-05-09,1960484.2929999975,2153958.7059,2045711.2282500002,2124700.7609500005,1970529.9424500002,1898566.1112222148
2021-05-11,1967469.4929999977,2184996.3058999996,2061136.22825,2140143.1760000004,1994152.64245,1922906.0261241107
2021-05-12,1969538.1929999976,2173643.6059,2074911.42825,2157360.2228000006,1988566.13585,1918026.6514017757
2021-05-16,1976291.7929999977,2157209.8059,2068984.32825,2145552.9800000004,1973074.13585,1905073.7518785382
2021-05-17,1979499.992999998,2160566.0058999998,2071147.62825,2151877.8614500007,1985085.1291999999,1911273.288874051
2021-05-18,1974351.5929999978,2156251.8059,2075742.8282500003,2162610.45165,1981650.5291999998,1915988.1038509505
2021-05-19,1961427.8929999976,2148078.9058999997,2074502.82825,2157574.1516500004,1974291.1291999999,1906456.7160137673
2021-05-20,1952138.8929999978,2132502.4058999997,2063371.9282499999,2146518.6516500004,1968259.9292,1896715.337453553
2021-05-23,1941160.6929999974,2131014.6059,2055496.7282500002,2136901.651650001,1965934.0292,1891059.5957330158
2021-05-24,1947370.2929999975,2149244.4059,2054888.7282500002,2129048.3516500005,1975954.1291999999,1902675.043252943
2021-05-25,1946925.6929999976,2153120.8059,2061957.52825,2135541.989100001,1982131.3292,1905835.5478211076
2021-05-27,1956656.8929999978,2157935.2059,2067090.3282500003,2136942.9261000007,1980197.3291999998,1907575.0282536745
2021-05-30,1951547.8929999974,2144254.8059,2037955.32825,2081229.9261000005,1948866.5291999998,1886438.6443417035
2021-05-31,1950817.4929999975,2153510.1059,2034461.82825,2071242.5261000004,1947945.4292,1885993.0626603728
2021-06-01,1956205.1929999976,2180894.9058999997,2038994.62825,2074251.8261000002,1964040.7292,1900143.3070591264
2021-06-02,1952404.3929999978,2188157.0058999998,2035436.92825,2067519.4261000007,1967962.8292,1903746.3497342886
2021-06-03,1953994.2929999977,2178753.0058999998,2029842.12825,2064473.8261000006,1966601.8292,1896097.5603644403
2021-06-06,1966493.3929999976,2180670.5058999998,2019619.52825,2062161.5652500007,1951329.6291999996,1893810.4645144106
2021-06-07,1965595.0929999975,2167217.2058999995,2016490.9282499999,2075928.3991000007,1939936.92525,1887146.0258148336
2021-06-08,1959862.6929999976,2179719.3059,2016254.4282499999,2081696.6367000006,1944285.32525,1888284.74735296
2021-06-09,1956072.4929999977,2166428.8059,2021052.52825,2081176.9751500005,1941561.72525,1882996.776049368
2021-06-10,1956803.8929999974,2153949.3058999996,2011385.6282499998,2072805.2159500008,1922514.0252499997,1875109.5748115785
2021-06-13,1950445.0929999975,2142000.7059,2006668.4282499999,2077861.8480500004,1912493.8252499998,1870287.1036477322
2021-06-14,1941085.8929999974,2139743.1059,2010583.3282499998,2079559.2843500008,1911514.6252499998,1864350.123084202
2021-06-15,1939048.9929999977,2153656.2059,2017798.8282500003,2091895.0222000007,1929181.5213000001,1875399.0185756627
2021-06-16,1945262.0929999975,2153758.4058999997,2021655.8282499998,2099076.7997500007,1932027.3212999997,1880828.3862489848
2021-06-17,1959260.2929999975,2156786.8059,2032719.52825,2113442.5714500006,1938730.4213000003,1886107.406166839
2021-06-20,1968912.4929999975,2170675.2059,2044898.6282499998,2128804.0427500005,1949132.71455,1897637.771187046
2021-06-21,1975481.8929999976,2172875.2058999995,2050395.92825,2137523.9202000005,1955332.41455,1910238.4676532042
2021-06-22,1968382.5929999973,2170666.8058999996,2048841.52825,2139700.2202000003,1958032.11455,1908863.2291965708
2021-06-23,1960196.4929999975,2154298.2058999995,2037214.42825,2127055.4202000005,1937004.4145499999,1892553.8984430598
2021-06-24,1960165.6929999976,2155618.2059,2042363.9282499999,2126368.7202000003,1937382.7145500001,1891739.2656257143
2021-06-27,1943105.2929999977,2149164.1059,2034837.42825,2117832.820200001,1931017.7145500001,1888120.463289523
2021-06-28,1953524.9929999977,2155742.6059,2050718.32825,2140620.1202000007,1940643.7145500001,1895936.1463128985
2021-06-29,1957385.5929999975,2152617.2059,2047638.4282499999,2141719.4202000005,1935837.41455,1892125.6993579832
2021-06-30,1964182.5929999978,2167339.3058999996,2058114.8282500003,2138895.913950001,1939954.61455,1901105.9019806432
2021-07-05,1971658.6929999979,2155191.1059,2048649.12825,2136590.7139500007,1940968.81455,1901297.7640505903
2021-07-06,1971087.6929999976,2159955.9059,2045976.92825,2141843.1139500006,1939397.3145500002,1900184.7681037264
2021-07-07,1978735.8929999976,2169265.1059,2057694.82825,2155414.613950001,1946610.4145499999,1909952.4266606094
2021-07-08,1996781.8929999976,2183050.3058999996,2068788.2282499997,2173565.7139500002,1962340.6145499998,1928366.0336272658
2021-07-12,2010463.7929999975,2238283.9058999997,2077947.4282499999,2186081.413950001,2015047.31455,1966146.85252214
2021-07-13,2023462.5929999973,2237168.6059,2086864.12825,2194044.6139500015,2014581.3145500002,1966078.34192017
2021-07-14,2020323.9929999977,2222501.4058999997,2080270.32825,2193627.213950001,1999639.2145500004,1956177.015362522
2021-07-15,2021718.9929999977,2243050.0059,2088084.12825,2199530.113950001,2013576.31455,1972275.1905234153
2021-07-18,2064768.8929999976,2285901.2059,2103503.22825,2208110.813950001,2030546.71455,1997784.2933917362
2021-07-19,2060209.3929999978,2257944.4058999997,2108592.6282499996,2220360.5139500005,2024729.21455,1989397.2506539042
2021-07-25,2057530.1929999976,2209024.4058999997,2110482.4282500003,2214346.1139500006,1988243.5145500002,1971915.414284332
2021-07-26,2044452.5929999975,2202673.2059,2109324.62825,2221191.1139500006,1982656.81455,1965976.0480351527
2021-07-27,2039936.3929999974,2213526.2059,2121303.42825,2224038.313950001,1978866.11455,1971948.6885238998
2021-07-28,2037704.2929999975,2216868.9059,2114333.82825,2217949.2905000006,1978218.5145500002,1971735.5519118872
2021-07-29,2037954.7929999975,2215467.4058999997,2115582.2282499997,2227387.8905000007,1979755.0145500002,1972724.3050708561
2021-08-02,2042577.9929999975,2220082.7059,2118610.02825,2223699.4905000012,1978640.11455,1980129.9152727728
2021-08-03,2071025.5929999975,2230995.5059,2122448.9282500003,2224684.9905000003,1979230.8145500002,1982102.679979118
2021-08-05,2100014.6929999976,2242561.1058999994,2122024.52825,2225409.6905000005,1979157.01455,1983100.1181615575
2021-08-09,2115776.2929999977,2251385.4059,2119229.32825,2213616.590500001,1979514.11455,1987279.464433664
2021-08-10,2109240.8929999974,2263536.1059,2129469.7282499997,2223457.490500001,1993649.3145500002,2002745.6276011616
2021-08-11,2108493.992999998,2255921.8058999996,2129149.52825,2224660.3905000007,1990793.7145500001,1998097.3171271656
2021-08-12,2125902.592999998,2265589.2059,2126774.9282500003,2220137.590500001,1996392.2145500001,2004084.9366198261
2021-08-16,2144407.2929999977,2270130.0059,2130940.72825,2222919.8146,1996017.5145500002,2008127.4389649867
2021-08-17,2127789.592999998,2253838.3059,2133019.72825,2217090.7146000005,1984966.31455,2000292.7742919456
2021-08-18,2131612.2929999977,2249132.1059,2130372.72825,2217227.714600001,1983291.9145499999,2008101.0276507675
2021-08-19,2119086.292999998,2239206.2059000004,2124625.9282500003,2212241.3146000006,1981614.6145500005,2004882.8620945457
2021-08-22,2128963.2929999973,2242643.1059,2141993.2282499997,2231438.3146000006,1997071.71455,2012670.2010622718
2021-08-23,2148211.2929999977,2264682.5058999993,2149191.62825,2231638.7146000005,2007103.81455,2022669.1792314898
2021-08-24,2169598.892999998,2270315.5058999998,2163024.32825,2241474.5146000003,2023753.0145500002,2034696.8175189327
2021-08-25,2168482.6929999976,2267838.5058999998,2151978.82825,2233382.3146000006,2013474.41455,2022123.925473263
2021-08-26,2162692.592999998,2259742.6059,2150998.72825,2236115.714600001,2009119.61455,2015004.9271666028
2021-08-29,2154144.992999998,2260606.6059,2162742.82825,2238556.014600001,2025827.5145500002,2020185.1486431295
2021-08-31,2141809.592999998,2261936.0058999998,2160022.42825,2240189.7304500006,2031890.91455,2023247.060837149
2021-09-01,2149430.292999998,2255516.4059,2149546.12825,2225669.4493500013,2021857.7145500001,2017599.2511516376
2021-09-02,2177491.5929999975,2276151.0059,2156076.62825,2219409.468250001,2028662.5145500004,2024364.7576826746
2021-09-05,2210049.0929999975,2304876.2059,2214801.62825,2273390.6827000007,2092141.71455,2069413.5627180932
2021-09-06,2216364.992999998,2334807.3059,2260579.12825,2291488.1827000007,2140067.61455,2102829.238594997
2021-09-07,2237175.892999998,2368411.4058999997,2315059.4282500003,2327287.1827000007,2201188.11455,2157301.6154813785
2021-09-08,2267748.792999998,2369750.2059,2335295.02825,2328916.382700001,2239943.614550001,2180671.028209831
2021-09-09,2306995.2929999977,2401188.2059,2346587.02825,2328594.6827000002,2230416.71455,2203974.1870416673
2021-09-12,2313032.7929999977,2474182.5059,2418279.32825,2420687.282700001,2275640.5145500004,2269092.2739112712
2021-09-13,2311182.892999998,2443553.4058999997,2488655.32825,2517118.382700001,2235745.91455,2284892.9694085508
2021-09-14,2278152.692999998,2386684.9059,2413281.72825,2464258.0563500007,2196554.61455,2223757.950477058
2021-09-15,2305418.392999998,2402830.4059,2435804.82825,2504105.5304000014,2211843.9145500003,2241569.9698041305
2021-09-16,2311488.192999998,2432223.5058999998,2438394.12825,2443493.1045500007,2236918.1062499997,2250135.131539705
2021-09-19,2292732.992999998,2457315.1059,2405305.82825,2360769.804550001,2214251.4062500005,2238937.6637341357
2021-09-20,2279498.492999998,2440732.4059,2383806.72825,2357076.6045500007,2192496.30625,2228416.689544858
2021-09-21,2312740.9929999984,2434147.5058999998,2378753.12825,2372097.804550001,2206051.8976499997,2224780.706044361
2021-09-22,2307221.0929999975,2423212.5058999998,2376393.02825,2383356.1045500007,2202307.69765,2215386.40096204
2021-09-23,2309904.592999998,2417991.5058999998,2391558.72825,2408876.6045500007,2213032.99765,2218766.4108630936
2021-09-26,2285709.092999998,2393800.6059,2395801.02825,2418621.004550001,2212049.99765,2209204.9609586806
2021-09-27,2288727.892999998,2391517.3058999996,2394332.02825,2422161.6045500007,2215334.88925,2208112.1991120297
2021-09-28,2278772.292999998,2379470.3059,2391769.52825,2426495.004550001,2205253.1892500003,2201560.23909875
2021-09-29,2278751.2929999977,2376011.3059,2385677.82825,2420168.0246000006,2200568.8892499995,2193759.852290448
2021-09-30,2294233.492999998,2384806.5059,2384964.12825,2409111.5246000006,2194215.1892500003,2199395.6110139727
2021-10-03,2298185.2929999977,2413037.9058999997,2396134.02825,2418439.7407000004,2203804.18925,2225355.707813359
2021-10-04,2298309.992999998,2427774.5058999998,2398550.52825,2408463.8698000005,2215945.38115,2242273.814435832
2021-10-05,2291881.7929999977,2424602.5058999998,2389463.12825,2400138.7051000004,2209057.48115,2233250.6496730433
2021-10-06,2313581.592999998,2428524.9058999997,2366254.62825,2370883.1398000005,2190662.1811500005,2215284.2290716004
2021-10-07,2301880.692999998,2435210.4059,2370107.1282499996,2361847.6681500007,2189774.6811499996,2208707.214411686
2021-10-10,2299545.1929999976,2444499.6059,2394040.72825,2390616.0956000006,2204418.68115,2225341.97591673
2021-10-11,2281961.692999998,2431847.3059,2389676.12825,2401566.321100001,2205243.58115,2222000.868139237
2021-10-12,2267908.892999998,2401607.0058999998,2388443.32825,2411456.2379500004,2203641.48115,2209583.3143878975
2021-10-13,2248889.192999998,2391928.8058999996,2383542.32825,2393959.3548000003,2197922.7811499997,2202705.984070707
2021-10-14,2241237.692999998,2386799.5058999998,2384905.82825,2401683.569900001,2197760.2811499997,2192681.9649604964
2021-10-17,2231633.7929999977,2368695.1059,2368897.22825,2386880.587800001,2199370.2811500006,2196758.760645535
2021-10-18,2197314.892999998,2335256.0058999998,2348557.22825,2376478.00925,2183034.18115,2166287.5652262494
2021-10-19,2173000.2929999977,2329065.2058999995,2343631.72825,2375466.9302000003,2181331.68115,2155693.405149186
2021-10-21,2191522.792999998,2320836.5059,2335872.52825,2378074.053750001,2170599.4811500004,2149149.6799806384
2021-10-24,2157598.8929999974,2284559.3059,2317667.7282499997,2368266.97975,2182076.88115,2121664.680636575
2021-10-25,2126783.9929999975,2250434.6059,2292737.92825,2362640.4366000006,2163656.38115,2093042.8160066213
2021-10-26,2139645.1929999976,2276494.4058999997,2310658.42825,2371962.5640500006,2168556.2811499997,2115414.3561125584
2021-10-27,2139441.292999998,2279209.9059,2315337.52825,2370991.6950000003,2169552.8811500003,2111525.5321175084
2021-10-28,2136079.992999998,2277508.9059,2333367.82825,2401785.3186000003,2177293.58115,2118075.913981691
2021-10-31,2141266.6929999976,2270286.7059,2370338.22825,2482647.44595,2177688.1811499996,2125398.631713701
2021-11-01,2159050.892999998,2272242.9059,2365163.4282500003,2469834.7739000013,2179236.2730000005,2128648.744642481
2021-11-02,2156811.892999998,2262635.4058999997,2348944.6282499996,2449216.5000500004,2163296.273,2111897.096614859
2021-11-03,2145132.4929999975,2253334.4058999997,2361778.42825,2469582.125750001,2156986.173,2106762.6427615704
2021-11-04,2142444.6929999976,2244193.9058999997,2366627.92825,2483552.8556500003,2157447.273,2107747.775843761
2021-11-07,2131378.392999998,2237391.2058999995,2363802.52825,2490020.8834500005,2165831.3730000006,2105473.5195292984
2021-11-08,2114164.092999998,2221571.3059,2368359.62825,2507684.4114,2163977.0730000003,2096483.6377300448
2021-11-09,2132426.092999998,2227627.6059,2368687.52825,2505715.343750001,2161596.573,2094902.9997256955
2021-11-10,2151952.892999998,2244524.8058999996,2371681.7282499997,2507028.2726000007,2167449.873,2107873.085170973
2021-11-11,2150466.5929999975,2244627.3059,2355428.7282499997,2476292.9030000004,2158757.273,2095737.888249467
2021-11-14,2138839.192999998,2237279.3059,2339802.72825,2464515.930050001,2148159.173,2082017.1975841294
2021-11-15,2134861.9929999975,2240233.1059,2317893.52825,2424964.66215,2137946.273,2076279.5906859667
2021-11-16,2158097.092999998,2247131.3059,2305250.12825,2398245.4909000006,2131921.273,2070268.04231238
2021-11-17,2162839.1929999976,2252240.1059,2316585.02825,2418150.990900001,2136040.0730000003,2077270.432377201
2021-11-18,2153535.2929999977,2268133.6058999994,2313649.72825,2406043.01725,2139889.773,2085799.571168221
2021-11-21,2156167.392999998,2243562.3058999996,2322652.3282500003,2409496.2402500007,2152322.773,2080259.4748741512
2021-11-22,2153235.7929999977,2250216.7058999995,2340305.9282500003,2437758.2656,2168369.9729999998,2088700.2698195372
2021-11-23,2155559.492999998,2250681.2059,2340157.82825,2459132.2921500006,2165297.9729999998,2087515.6162955184
2021-11-24,2136900.592999998,2243273.0058999998,2328672.52825,2442710.218700001,2164402.773,2080641.2820600267
2021-11-25,2122058.7929999977,2232891.8059,2318192.72825,2433171.1503500002,2160254.473,2072759.7154270592
2021-11-28,2097912.992999998,2220013.3058999996,2304150.42825,2404473.0746000004,2147846.4729999998,2062030.9240746228
2021-11-29,2085643.2929999977,2222923.2059,2308240.12825,2392666.5048,2149149.073,2064839.699541471
2021-11-30,2058261.3929999974,2207037.1059,2303956.92825,2393069.433200001,2147414.4729999998,2047377.6582840635
2021-12-01,2107056.492999998,2227713.3059,2333487.72825,2434703.6646,2164904.273,2066247.3997285562
2021-12-02,2126629.492999998,2247466.2059,2344186.02825,2441312.890400001,2170607.973,2074994.4756298906
2021-12-05,2129007.892999998,2252720.8059,2349176.22825,2446681.71825,2172804.973,2085862.1135998047
2021-12-06,2130089.692999998,2247426.1059,2365929.8282500003,2467787.34585,2182526.2730000005,2095473.7222868837
2021-12-07,2148174.192999998,2271726.0059,2382999.42825,2478963.3704000004,2191105.273,2114924.8970912304
2021-12-08,2133418.092999998,2273564.1059,2385394.12825,2477368.1412,2188238.973,2114857.0981329978
2021-12-09,2149192.892999998,2293853.9058999997,2454212.32825,2558343.667950001,2218592.6649,2154727.3494041646
2021-12-12,2153498.892999998,2336894.8058999996,2537672.32825,2642145.4901000005,2272198.2649,2218673.4671592186
2021-12-13,2153417.6929999976,2295080.1059,2550570.9282500003,2723944.4643500005,2273916.3649,2202438.604499528
2021-12-14,2166069.092999998,2337616.1058999994,2647919.6282499996,2814362.6388500007,2338951.7649,2261377.5924561373
2021-12-15,2191102.892999998,2374956.3058999996,2720968.92825,2906396.7139000003,2373156.6648999997,2306310.8754709577
2021-12-19,2157995.092999998,2352729.0058999998,2691499.4282500003,2866665.488950001,2349803.8649,2279444.8966825586
2021-12-20,2147152.592999998,2324609.5059,2639551.82825,2811969.8851500014,2312704.34945,2241278.819222729
2021-12-21,2139495.692999998,2336518.4059,2601644.52825,2744677.981350001,2282461.94185,2230219.8201363897
2021-12-22,2124977.6929999976,2316855.8059,2546820.52825,2669753.8667500005,2257492.14185,2196526.2393262004
2021-12-23,2114065.892999998,2296238.9059,2506690.6282499996,2629795.362950001,2233270.44185,2172673.568354185
2021-12-26,2113563.392999998,2284759.9059,2547635.52825,2712207.7592000007,2262555.74185,2181902.6715550935
2021-12-27,2118373.692999998,2289222.6059,2556281.92825,2732172.438400001,2267698.4418500005,2186155.984109119
2021-12-28,2127728.392999998,2299168.9058999997,2526060.4282500003,2670181.8310000007,2248498.24185,2178915.8635646324
2021-12-29,2128081.0929999975,2295233.4058999997,2570471.52825,2728229.9223000007,2281679.9418499996,2194517.257475287
2021-12-30,2132635.392999998,2305172.6059,2611354.1282499996,2749668.622300001,2319293.24185,2215984.2014838075
2022-01-02,2143961.392999998,2343948.9058999997,2640469.72825,2786860.822300001,2325889.94185,2245951.3853059895
2022-01-03,2143948.0929999975,2331189.8058999996,2582966.12825,2718639.5223000003,2295741.3343500006,2218969.7584976186
2022-01-04,2145269.092999998,2336976.5058999998,2567807.82825,2703746.522300001,2281241.3268499994,2208054.3940088595
2022-01-05,2141405.792999998,2327047.5058999993,2590415.52825,2750037.622300001,2291661.02685,2215082.5323129697
2022-01-06,2158476.092999998,2345345.6059,2574386.62825,2714424.022300001,2284325.22685,2214754.980296321
2022-01-09,2169674.092999998,2353448.3058999996,2591889.22825,2741664.2223000005,2294163.9268499995,2223934.736774129
2022-01-10,2201546.1929999976,2369844.1059,2592493.82825,2733581.522300001,2284263.52685,2222680.207586118
2022-01-11,2245028.2929999977,2402536.6059,2599335.72825,2735191.622300001,2294836.32685,2236427.202697374
2022-01-12,2210645.1929999976,2401446.2059,2608840.02825,2734269.422300001,2296134.32685,2249402.673851133
2022-01-13,2226487.9929999975,2423416.0058999998,2643192.22825,2769792.1223000004,2310863.01935,2269562.148162785
2022-01-16,2224650.092999998,2430227.7059000004,2682518.22825,2804079.822300001,2315243.41935,2292816.2039918257
2022-01-17,2216931.992999998,2439672.9059,2665537.02825,2787465.8223,2318863.7193500004,2284567.6645915387
2022-01-18,2217402.692999998,2441639.7059,2668773.32825,2797190.0223000003,2321651.31935,2291596.0207429314
2022-01-19,2229077.992999998,2465004.8058999996,2671641.02825,2796236.4223000007,2313228.91935,2300457.436859005
2022-01-20,2243868.992999998,2506690.8059,2704636.52825,2806221.8223000006,2316104.81935,2328451.327972951
2022-01-23,2252277.5929999975,2523128.7059,2740719.62825,2819252.4223000007,2339876.31935,2367464.97810237
2022-01-24,2215497.392999998,2522029.6059,2774513.92825,2859290.7186500006,2376943.01935,2384426.75614742
2022-01-25,2210482.2929999977,2511042.6058999994,2773706.72825,2883430.115,2373905.41935,2377659.416800405
2022-01-26,2184770.292999998,2465723.7058999995,2729608.72825,2837668.9007000006,2346335.11935,2336151.187095091
2022-01-27,2183033.592999998,2447640.2058999995,2701829.72825,2807921.700700001,2325773.51935,2311571.223031332
2022-01-30,2182700.392999998,2472297.4058999997,2709307.82825,2810032.1007000008,2329295.41935,2323319.7198306927
2022-01-31,2175039.492999998,2459003.2058999995,2690801.62825,2801900.1007000008,2326761.2193500004,2311607.008374032
2022-02-01,2195618.6929999976,2436902.0058999998,2683700.52825,2810745.1007000003,2323955.71935,2295224.832542812
2022-02-02,2201793.192999998,2434895.1059000003,2689897.6282499996,2806745.300700001,2339172.7193499994,2295447.810787619
2022-02-03,2199967.5929999975,2434312.2058999995,2683314.52825,2807836.7007000004,2329455.71935,2291859.21864992
2022-02-06,2211529.5929999975,2445809.2058999995,2685154.32825,2809453.300700001,2331828.21935,2302300.3895588974
2022-02-07,2207501.092999998,2434285.3059,2680428.2282499997,2809614.300700001,2319471.5193499993,2289221.6705398476
2022-02-08,2213212.7929999977,2435889.1059,2675412.82825,2804913.1007000003,2323347.71935,2285707.9173621414
2022-02-09,2217802.492999998,2455825.8058999996,2705696.62825,2831454.200700001,2335669.6193500003,2308696.955594717
2022-02-10,2217476.392999998,2463866.9059,2701237.72825,2820868.8007,2329578.01935,2309260.5940181445
2022-02-13,2225730.7929999977,2488924.2059,2739003.6282499996,2848272.9007000006,2339939.8193500005,2341522.1574509046
2022-02-14,2220885.392999998,2480519.2059,2733353.52825,2848414.1007000008,2338934.6966500003,2332367.893703673
2022-02-15,2232720.192999998,2472639.1058999994,2713973.42825,2831663.7007000013,2334301.1294000004,2324790.212303693
2022-02-16,2242596.6929999976,2476398.1059,2719703.32825,2836061.0007000007,2335725.1293999995,2330867.021624117
2022-02-17,2237344.7929999977,2455929.8059,2706528.32825,2835392.700700001,2330070.6294,2318772.451503669
2022-02-20,2222253.592999998,2457495.0058999998,2728746.92825,2849731.2007000004,2320347.0628500003,2326192.2755592456
2022-02-22,2218214.0929999975,2434495.3058999996,2706699.22825,2835015.5007000007,2311442.5465,2305865.9160032184
2022-02-23,2227812.6929999976,2428652.9058999997,2712078.4282500003,2858351.1007000003,2323394.4465,2309863.3093099957
2022-02-24,2197898.392999998,2400370.4058999997,2676994.42825,2818347.3007000005,2303626.0464999992,2287274.830754931
2022-02-27,2157043.492999998,2360929.9058999997,2629810.82825,2773858.2710500006,2285072.3465,2249201.081889036
2022-02-28,2174435.692999998,2380227.7059,2653394.02825,2803836.0511000007,2305236.5926,2265983.9520146884
2022-03-01,2173197.292999998,2350954.8058999996,2621663.52825,2773576.951100001,2284126.2242,2240015.256422172
2022-03-02,2166198.392999998,2334114.1059,2603904.72825,2768984.6511000013,2281113.5704,2224378.2417428764
2022-03-03,2160290.592999998,2351030.6059,2622825.82825,2769767.151100001,2279843.1347000003,2241080.957528621
2022-03-06,2147042.492999998,2314162.1059,2599704.32825,2760441.8511000006,2262552.550649999,2208376.2885528654
2022-03-07,2081693.0929999975,2269662.7058999995,2529358.72825,2668355.251100001,2204256.6763999998,2153096.9531429647
2022-03-08,2070187.3929999976,2245496.6059,2505137.02825,2624599.4511,2161412.61985,2124763.380764506
2022-03-09,2103981.7929999977,2304807.0058999998,2537624.8282500003,2655561.151100001,2219371.5774000003,2166093.6344417767
2022-03-10,2101519.3929999983,2284418.8059,2513800.72825,2635565.4511000006,2206303.7466,2153002.1653927565
2022-03-13,2110256.392999998,2283134.7059,2488844.42825,2602307.0511000003,2206763.7214499996,2147100.230489166
2022-03-14,2115363.992999998,2304812.5058999998,2513884.82825,2618139.7511000005,2208889.8589500003,2168080.0689695096
2022-03-15,2118871.592999998,2307408.0058999993,2529569.22825,2648515.251100001,2225059.9458500003,2175593.5914802765
2022-03-16,2128646.5929999975,2308221.4058999997,2532554.4282500003,2659819.2511,2228949.7837,2177893.625853993
2022-03-20,2110369.4929999975,2297758.0058999998,2499835.12825,2613699.1511,2209602.0900999997,2161900.2880408745
2022-03-21,2121021.992999998,2308653.2059,2506875.22825,2613935.0511000003,2224866.5901,2169534.5093331784
2022-03-22,2149502.6929999976,2307625.0058999998,2511181.42825,2634772.6511000004,2224566.6128999996,2169841.993959452
2022-03-23,2140652.4929999975,2303168.0058999993,2505815.6282499996,2623038.7511,2219539.8129,2165708.687761808
2022-03-24,2146259.692999998,2300407.5058999998,2500255.72825,2615069.3511000006,2217451.9129,2159809.249950423
2022-03-27,2147045.2929999977,2303554.6059000003,2494194.72825,2613088.151100001,2218302.6129,2159897.365960554
2022-03-28,2147816.6929999976,2315571.0058999998,2511316.02825,2619815.7511000005,2225418.0128999995,2172562.6651258306
2022-03-29,2138734.4929999975,2311527.9059,2501164.02825,2610656.8511000006,2219655.7128999997,2166756.750095713
2022-03-30,2135571.292999998,2309742.9058999997,2494574.92825,2599484.8511000006,2215998.1129,2161818.1473154537
2022-03-31,2138907.892999998,2304150.3058999996,2503662.52825,2613111.9511000006,2221326.8129,2163692.9431556496
2022-04-03,2143594.2929999977,2287925.9059,2491478.92825,2611201.3511,2220259.0129,2151954.660183025
2022-04-04,2129573.592999998,2272389.9058999997,2454890.6282499996,2564236.2511000005,2200686.6128999996,2129775.5251672454
2022-04-05,2117368.6929999976,2269153.2058999995,2428464.52825,2528807.1511,2189484.9129,2118885.0352709917
2022-04-06,2109188.2929999977,2252491.9058999997,2430668.02825,2541663.6511000004,2182040.8129,2110924.8065841673
2022-04-07,2102886.892999998,2244600.7058999995,2419565.12825,2521410.8511000006,2183797.56735,2104245.164154906
2022-04-10,2116998.392999998,2251030.9058999997,2429444.6282499996,2549597.1511000004,2189836.7527499995,2112298.6274248566
2022-04-11,2115167.792999998,2245109.1059,2435001.62825,2566137.6511000004,2204035.45275,2112785.9518861
2022-04-12,2099311.492999998,2229618.5059,2415686.1282499996,2551973.5511000003,2191102.3527499996,2099342.1943816254
2022-04-13,2106866.492999998,2234751.7059,2409160.72825,2544707.051100001,2192221.0245,2105056.8773743086
2022-04-17,2095836.0929999973,2239739.7059000004,2402260.82825,2533597.9511,2190574.48645,2102794.201103441
2022-04-18,2074928.1929999979,2221276.9058999997,2377394.22825,2498422.8511000006,2185334.87895,2083330.277926656
2022-04-19,2091359.3929999976,2229793.4058999997,2384662.32825,2502608.5511000007,2184424.1789499996,2088332.4026997858
2022-04-20,2101716.692999998,2243978.7059,2394164.72825,2510488.2511000014,2188230.87895,2094895.131300056
2022-04-21,2112578.892999998,2263689.5059,2408258.82825,2517971.6511000004,2194928.5789499995,2107656.7869243715
2022-04-24,2110111.092999998,2265462.9058999997,2418291.9282500003,2534022.8511,2198688.87895,2113981.124737332
2022-04-25,2101870.892999998,2263461.1059,2410486.22825,2516062.6511000004,2198039.5789499995,2109062.8481217627
2022-04-26,2105561.0929999975,2271385.2058999995,2429800.02825,2534022.3511,2213966.37895,2118186.0121376757
2022-04-27,2103446.592999998,2278789.5058999998,2407236.72825,2497830.7511000005,2200870.2685999996,2113451.221788491
2022-04-28,2089445.0929999978,2271719.7059,2347682.72825,2396136.1511000004,2167060.0686,2085597.313338926
2022-05-05,2097138.6929999974,2261720.9059,2386107.62825,2451280.651100001,2194312.6686,2096879.2319810453
2022-05-08,2098906.892999998,2263309.0058999998,2390813.82825,2467966.6511000004,2193096.1686000004,2100526.8063803576
2022-05-09,2101681.992999998,2281678.7059,2393922.82825,2471093.0511000007,2200324.5686,2111225.9494657833
2022-05-10,2096746.8929999974,2278060.5059,2394580.12825,2468628.251100001,2196072.8686,2107898.993325261
2022-05-11,2086281.7929999977,2261792.3059,2380846.72825,2451972.751100001,2195263.8686,2095732.520529024
2022-05-12,2084578.6929999976,2259733.5058999998,2377277.92825,2449905.7511000005,2182537.8686,2090803.273602873
2022-05-16,2040761.1929999979,2228658.4058999997,2330402.42825,2391016.8511,2158595.6686,2056551.4050919872
2022-05-17,2030237.9929999975,2222171.8058999996,2330073.82825,2389694.2511000005,2155353.1686000004,2048937.0477748117
2022-05-18,2007869.4929999972,2214328.1059,2309431.42825,2370640.4511000006,2140304.5686,2036320.6116378559
2022-05-19,1994815.4929999975,2200452.1059,2304897.52825,2357718.2511000005,2131059.1686000004,2019619.975002974
2022-05-22,1959971.5929999975,2169584.3059,2259297.92825,2306543.351100001,2101474.6686,1982176.352036687
2022-05-23,1974326.3929999978,2174731.8059,2260793.32825,2301962.4511,2095524.8686,1992272.7547936137
2022-05-24,1971340.5929999975,2179468.5058999998,2267354.72825,2314151.651100001,2105516.2686,1996787.6225457373
2022-05-25,1973080.5929999975,2172764.3059,2259180.82825,2306272.5511000007,2093688.8686000002,1989943.721614475
2022-05-26,1986358.1929999976,2173425.1059,2265600.92825,2312741.8511000006,2087684.7686,1991217.1930343087
2022-05-29,2023538.8929999976,2216449.2059,2280867.52825,2325776.9511000006,2114320.5589,2022094.1981400927
2022-05-30,2033426.4929999975,2221665.0058999998,2279091.82825,2320605.9511000006,2123571.94915,2022969.1305785077
2022-05-31,2036532.5929999975,2214748.6059,2275208.02825,2315979.8511000006,2109802.7491499996,2016599.9818253086
2022-06-01,2048231.4929999977,2226794.4058999997,2283194.4282500003,2322651.0511000007,2113034.34915,2026631.0778552645
2022-06-02,2053702.1929999976,2222328.2058999995,2293128.22825,2346991.5511000003,2117466.44915,2030409.3064311491
2022-06-05,2065072.8929999974,2260928.7059,2358844.02825,2409851.4511,2149674.94915,2081378.9322377283
2022-06-06,2053115.0929999978,2262677.2059,2363368.92825,2410743.651100001,2150577.4491500002,2088563.3738129064
2022-06-07,2046462.2929999977,2248134.9058999997,2331332.52825,2374219.5511000007,2136785.44915,2071967.118776119
2022-06-08,2051543.2929999977,2271263.0058999998,2352684.12825,2397063.751100001,2159585.04915,2098435.126777538
2022-06-09,2054283.3929999978,2260159.3059,2357706.52825,2403148.9429000006,2153359.3491499997,2096415.558521673
2022-06-12,2041929.0929999975,2249062.9059,2346054.52825,2393135.728900001,2145962.34915,2085628.066273022
2022-06-13,2034042.492999998,2246031.2058999995,2324473.52825,2364376.828900001,2136477.14915,2079951.6571132664
2022-06-14,2022981.3929999976,2234762.9058999997,2310603.82825,2355753.7289000005,2124713.8491499997,2075335.659215627
2022-06-15,2023743.6929999974,2238387.8058999996,2300362.22825,2347258.128900001,2111508.14915,2073089.9410311743
2022-06-16,2051569.6929999976,2233573.6058999994,2326861.32825,2385336.5289000007,2129398.74915,2088177.0795137263
2022-06-19,2054606.9929999977,2230382.6059,2331862.12825,2398222.3289000005,2129477.8491499997,2092930.6050675157
2022-06-20,2040440.5929999975,2219420.5058999998,2306805.02825,2367970.1289000004,2115788.94915,2076913.212052132
2022-06-21,2030728.6929999976,2208702.6059,2296065.3282500003,2357494.528900001,2112121.4491500002,2071819.4070312623
2022-06-22,2032181.7929999977,2208642.3059,2297975.72825,2355024.028900001,2111031.3491499997,2066831.7624451148
2022-06-23,2041697.0929999975,2253472.0059,2306478.1282499996,2362670.2289000005,2152355.64915,2089831.0654132864
2022-06-26,2045881.5929999975,2245886.4058999997,2318633.52825,2382867.328900001,2163774.0491500003,2086828.4583587507
2022-06-27,2048655.3929999978,2231204.5059,2324208.9282500003,2390189.428900001,2149181.34915,2079136.346742116
2022-06-28,2041346.1929999976,2232119.4058999997,2327231.72825,2388062.5289000007,2145141.0491499994,2083753.9421672272
2022-06-29,2050042.1929999976,2229795.4058999997,2332238.62825,2387908.728900001,2142062.94915,2080973.676155754
2022-06-30,2056277.0929999978,2235991.9059,2344707.9282500003,2404274.4289000006,2147390.64915,2087190.270070273
2022-07-03,2046393.8929999976,2238210.7059,2317171.82825,2374854.628900001,2141075.84915,2082721.5858266982
2022-07-04,2044549.4929999975,2223392.8059,2323997.12825,2388029.428900001,2136807.64915,2078733.8014768278
2022-07-05,2041262.9929999975,2223134.4059,2303768.1282499996,2365626.0289000007,2124874.1491499995,2068011.7129237952
2022-07-06,2039526.0929999975,2215484.1058999994,2302583.62825,2367845.1289000013,2122011.8491499997,2063074.4122279785
2022-07-07,2040661.1929999974,2215814.2058999995,2314185.52825,2380756.4289000006,2127202.2491499996,2071936.075237784
2022-07-12,2031777.1929999976,2209857.6059,2314434.52825,2393189.8289000005,2125614.24915,2072480.905256467
2022-07-13,2031775.4929999977,2244859.0058999998,2325310.02825,2398361.3289000005,2150727.24915,2095133.236411921
2022-07-14,2038518.7929999975,2232705.7059,2331711.42825,2409614.828900001,2141584.5491499994,2088657.483480551
2022-07-17,2037942.1929999974,2227729.8059,2326522.52825,2402358.828900001,2146473.4491500002,2086348.0196509692
2022-07-18,2010622.3929999978,2202505.5058999993,2301155.72825,2368019.5289000007,2122154.3491499997,2064563.3918421322
2022-07-19,1999825.0929999975,2205723.3058999996,2295901.22825,2361623.228900001,2124500.24915,2070785.6259814464
2022-07-20,1999027.6929999976,2188650.7059,2292204.2282499997,2363570.2289,2107783.8491499997,2073250.9008626437
2022-07-21,1995953.2929999975,2204073.0059,2305738.22825,2382895.428900001,2121938.04915,2098625.9273448065
2022-07-24,1974448.0929999975,2178928.8059,2289782.4282500003,2368408.128900001,2103384.74915,2079730.5416280667
2022-07-25,1979034.3929999976,2174672.4058999997,2285628.22825,2358015.5289000007,2098285.64915,2072474.6205295837
2022-07-26,1991414.7929999975,2180017.2059,2297005.92825,2377827.3289000005,2106378.0491500003,2091754.187784152
2022-07-27,1978480.7929999973,2186290.1058999994,2286852.02825,2368296.5289000007,2113584.3491499997,2093776.2191943103
2022-07-28,1962653.0929999978,2154833.3059,2270417.42825,2359259.8289000005,2095341.6491500002,2068886.0822486249
2022-07-31,1991596.8929999978,2180517.2059,2321159.12825,2386914.5289000007,2143670.14915,2104642.3790884824
2022-08-01,1995798.0929999975,2184201.7059,2316606.82825,2392043.628900001,2137930.34915,2104821.4471706585
2022-08-02,2018747.7929999975,2199019.7059,2318119.62825,2394740.3289000015,2140253.4491500002,2108320.305086535
2022-08-03,2040859.7929999977,2233688.0059,2347614.02825,2430323.9289000006,2187525.74915,2137170.7687039524
2022-08-04,2045194.3929999976,2241499.2058999995,2334653.62825,2419778.328900001,2186690.3491499997,2150533.6268169098
2022-08-07,2045679.9929999975,2226985.3059,2342467.4282500003,2431546.128900001,2175585.24915,2143786.8684619656
2022-08-08,2035562.0929999975,2222494.3059,2329551.1282499996,2412996.428900001,2160126.5491499994,2128194.80388334
2022-08-10,2016019.0929999975,2221922.2058999995,2325621.7282499997,2407909.228900001,2164274.3491499997,2126439.966859675
2022-08-11,2007543.6929999974,2223895.5058999998,2327966.9282500003,2408740.6289000013,2166339.04915,2125316.7395356335
2022-08-14,2010067.7929999977,2222704.2058999995,2321623.9282500003,2393327.3289000005,2168548.14915,2126787.9184655985
2022-08-16,2027999.4929999977,2214518.1059000003,2336066.22825,2418387.328900001,2161286.14915,2122229.921210559
2022-08-17,2032096.7929999975,2221348.7058999995,2340934.52825,2420335.228900001,2167130.54915,2124973.8169371425
2022-08-21,2031567.2929999977,2216032.3059,2340990.1282499996,2414147.928900001,2166870.3491499997,2123907.248766727
2022-08-22,2041363.6929999976,2225640.1059000003,2339747.02825,2415521.828900001,2169865.7491499996,2129044.8105333718
2022-08-23,2049562.5929999978,2232734.4059,2337938.32825,2413863.1289000004,2171945.74915,2134492.6144773774
2022-08-24,2049318.2929999977,2225386.1059000003,2324270.92825,2391568.228900001,2162309.04915,2124334.5404062504
2022-08-25,2066914.9929999977,2226082.3059000005,2331651.82825,2401744.9289000006,2163094.6491500004,2127340.1607873063
2022-08-28,2067064.6929999976,2229852.9059,2333766.9282500003,2403149.628900001,2166070.74915,2128165.826424279
2022-08-29,2082624.0929999973,2243350.7059,2341250.52825,2410087.128900001,2170747.04915,2140075.215064115
2022-08-30,2105186.7929999977,2254870.5058999998,2352052.82825,2428918.4289000006,2186688.3491499997,2146633.1746501992
2022-08-31,2097933.0929999975,2264532.2059,2357417.72825,2433503.628900001,2187633.94915,2148243.8961476935
2022-09-01,2135367.392999998,2276931.2059,2380732.12825,2471475.228900001,2208086.3491499997,2166102.123250205
2022-09-04,2127511.092999998,2270894.6059,2393495.72825,2481053.3289000015,2212155.54915,2171773.0840187026
2022-09-05,2105386.892999998,2257364.5058999998,2382369.72825,2470531.628900001,2201755.4491500002,2162783.994058341
2022-09-06,2113439.692999998,2262600.3059,2359997.72825,2435651.9289000006,2192019.84915,2153298.1601101076
2022-09-07,2142213.8929999983,2270158.1059000003,2394127.02825,2474493.4289000006,2206152.94915,2165369.5732512604
2022-09-08,2137050.392999998,2272212.1059000003,2385975.02825,2458219.8289000005,2197468.44915,2158882.1367534176
2022-09-11,2137358.7929999977,2263099.1059,2378040.22825,2462190.328900001,2190774.34915,2152472.506372295
2022-09-12,2140171.9929999975,2272593.1059,2384111.72825,2470294.228900001,2199899.8491499997,2160897.500594898
2022-09-13,2141379.9929999975,2265603.4059,2375944.72825,2448261.0289000007,2191525.34915,2155307.979722182
2022-09-14,2120296.4929999975,2256358.3059,2386236.52825,2447247.9289000006,2201982.44915,2157117.8480653632
2022-09-15,2116447.892999998,2256756.8059,2383547.9282500003,2435937.328900001,2198970.84915,2153398.0041585476
2022-09-18,2104800.492999998,2240496.6058999994,2363364.62825,2415595.2289000014,2182074.64915,2138369.872447557
2022-09-19,2110430.992999998,2251023.0058999998,2363639.1282499996,2419557.9289000006,2184294.2491499996,2139000.2219360657
2022-09-20,2105633.2929999977,2246941.4059,2370989.72825,2433377.3289000005,2184767.3491499997,2139329.4242878095
2022-09-21,2092755.3929999978,2253303.6059000003,2366786.62825,2428540.228900001,2187837.64915,2139494.0277345837
2022-09-22,2093436.5929999975,2250762.4059,2380063.12825,2438569.228900001,2194717.44915,2142541.0107489154
2022-09-25,2089333.0929999975,2239811.9059,2368025.12825,2430154.828900001,2188140.6491499995,2134714.193102318
2022-09-26,2087913.7929999975,2247393.7059,2359148.52825,2416575.2289000014,2187704.7491499996,2134102.0313325846
2022-09-27,2076256.4929999975,2237355.5058999998,2351647.32825,2408734.828900001,2178311.1491499995,2127441.005798431
2022-09-28,2071819.7929999973,2232533.1059,2344966.9282500003,2399473.1289000013,2171466.44915,2123317.524509236
2022-09-29,2075760.2929999977,2233181.2059,2350879.82825,2407114.628900001,2173883.94915,2126618.160694588
2022-10-02,2078189.0929999978,2231576.6059000003,2343254.82825,2400307.028900001,2169655.54915,2123552.1914737336
2022-10-03,2068776.6929999976,2227490.0058999998,2333618.6282499996,2380114.728900001,2161192.3491499997,2116674.8226446058
2022-10-04,2084620.3929999976,2226398.9059,2326841.12825,2378298.428900001,2155671.14915,2112780.4469778333
2022-10-06,2091188.2929999973,2224419.7059,2323130.1282499996,2377275.428900001,2151936.6491499995,2110319.405418155
2022-10-10,2067133.1929999976,2208738.4059,2311856.32825,2373012.728900001,2139414.2491499996,2101726.1268793307
2022-10-11,2078165.5929999975,2200556.4059,2310291.62825,2372459.5289000007,2136283.8940999997,2100444.2210225444
2022-10-12,2098057.3929999983,2208047.9059,2316171.82825,2374541.428900001,2140691.3941,2101240.342563756
2022-10-13,2103668.8929999983,2204180.0058999998,2315058.6282499996,2372923.328900001,2135328.0941,2098624.8928602943
2022-10-16,2117513.992999998,2202115.0059,2315240.22825,2373139.1289000013,2139652.8940999997,2098403.820902125
2022-10-17,2086526.4929999975,2197898.8058999996,2308658.02825,2372232.0289000007,2130079.8940999997,2092946.3885418305
2022-10-18,2115571.1929999976,2199108.8058999996,2306891.6282499996,2372963.828900001,2128405.0941,2098175.0160973333
2022-10-19,2106795.7929999977,2198948.7059,2305010.52825,2375421.728900001,2124333.5941,2097383.908921603
2022-10-20,2086691.4929999975,2198857.3059,2303783.72825,2375263.1289000013,2122842.5941,2094851.5626738428
2022-10-23,2077161.1929999974,2194091.8058999996,2301743.72825,2372530.828900001,2120336.5941,2090217.5203810288
2022-10-24,2049363.0929999975,2188448.8058999996,2296858.62825,2370100.128900001,2115776.4941,2087630.5948682143
2022-10-25,2059202.5929999978,2188545.5058999998,2298695.42825,2370382.728900001,2117322.8940999997,2087486.9541153377
2022-10-26,2055156.7929999977,2193554.5059,2298132.12825,2370649.5289000007,2118121.6940999995,2088879.8421121463
2022-10-27,2039321.9929999977,2190875.9058999997,2289452.22825,2372009.128900001,2105501.2941,2093677.066052706
2022-10-30,2024193.0929999975,2185868.4058999997,2288370.52825,2371453.428900001,2105593.4941,2094241.2586782984
2022-10-31,2009626.5929999975,2185769.1059,2287096.6282499996,2366931.928900001,2103618.3940999997,2081682.7527022413
2022-11-01,2031005.7929999975,2191857.8058999996,2298288.92825,2369797.928900001,2117737.4941,2087776.497987715
2022-11-02,2047343.1929999974,2195249.9058999997,2296530.52825,2370945.928900001,2115878.8940999997,2088779.377978363
2022-11-03,2050043.4929999977,2201110.3058999996,2303486.82825,2372752.328900001,2125388.3940999997,2095554.4125668416
2022-11-06,2053306.2929999975,2205426.2059,2296878.22825,2373166.828900001,2116770.5941,2093684.0142430663
2022-11-07,2048743.8929999976,2200188.2059,2298333.22825,2371458.728900001,2118375.5941,2090761.5709587294
2022-11-08,2060842.8929999978,2198126.8058999996,2300732.42825,2371111.8289000005,2120938.3940999997,2089699.1870868062
2022-11-09,2061730.5929999975,2195626.3058999996,2299073.12825,2369734.828900001,2119024.5940999994,2087558.0668087057
2022-11-10,2061277.4929999975,2195396.0058999998,2286529.82825,2367606.8289000005,2103513.6940999995,2083211.869901792
2022-11-13,2054264.3929999974,2191207.3058999996,2286043.42825,2366838.228900001,2103469.6941,2083395.1860161237
2022-11-14,2032069.6929999974,2184947.8058999996,2285990.02825,2366340.528900001,2103437.4941000002,2082897.3962783027
2022-11-15,2028024.1929999974,2180465.1059,2290001.1282499996,2366948.628900001,2108473.2940999996,2085598.1898773075
2022-11-16,2041390.0929999973,2185496.6059,2302387.4282500003,2368907.828900001,2123994.1941,2090828.1037367512
2022-11-17,2043704.5929999975,2186338.4058999997,2302470.82825,2369590.328900001,2124291.3940999997,2092931.1348316406
2022-11-20,2023630.3929999976,2175174.1058999994,2288050.02825,2360886.9289000006,2106457.4941000002,2086471.4175724466
2022-11-21,2020701.9929999975,2173721.7059,2291835.62825,2361499.128900001,2111360.2940999996,2088816.8613665919
2022-11-22,2035883.1929999976,2176116.4058999997,2287030.62825,2360881.5289000007,2105654.2941,2088773.083790409
2022-11-23,2035906.8929999974,2176106.4058999997,2287896.62825,2353892.9289000006,2106406.2941,2069852.563337203
2022-11-24,2049952.9929999972,2175231.2059,2295213.32825,2355047.328900001,2115596.3940999997,2072829.8509421553
2022-11-27,2073300.8929999974,2176764.6059,2289600.32825,2354277.928900001,2108519.6941,2070269.2344547282
2022-11-28,2068777.7929999973,2173046.5058999998,2287814.72825,2353958.028900001,2106242.0941,2068844.2566438965
2022-11-29,2070984.0929999975,2175386.9058999997,2287818.42825,2354265.0289000007,2106418.1940999995,2069853.9543961799
2022-11-30,2079174.2929999973,2179302.7059,2287796.52825,2355217.728900001,2106506.9941,2071219.4687820564
2022-12-01,2091919.4929999977,2180864.1058999994,2294543.82825,2356114.0289000007,2114950.6940999995,2076100.9145955867
2022-12-04,2089898.9929999977,2178303.4059,2292564.82825,2354952.428900001,2112712.7940999996,2078067.028239485
2022-12-05,2082762.5929999973,2187697.7059,2296547.62825,2355403.128900001,2124876.5941,2082991.2643958936
2022-12-06,2090261.3929999976,2185945.3059,2296162.22825,2355236.728900001,2124943.6941,2086053.4954387653
2022-12-07,2089107.9929999977,2189556.5058999998,2296192.22825,2355467.728900001,2126112.2940999996,2086851.6508358326
2022-12-08,2085042.1929999976,2188228.2059,2296012.22825,2355467.728900001,2125495.4941,2084550.1292147464
2022-12-11,2089164.7929999975,2187425.4059,2293325.22825,2355155.4247500007,2121246.3940999997,2083600.5363043693
2022-12-12,2088924.5929999975,2182035.7059,2288345.62825,2354723.0206000004,2109917.7940999996,2076631.8268766073
2022-12-13,2082682.4929999977,2178904.2059,2298400.42825,2358216.420600001,2118953.7940999996,2077595.049435849
2022-12-14,2087029.6929999976,2176539.6059,2293666.02825,2355010.8206000007,2113812.9941,2074480.8063741245
2022-12-15,2100371.092999998,2175888.1059,2287748.62825,2354160.5206000004,2106703.0941,2073208.6970482743
2022-12-18,2117634.592999998,2175652.4059,2296287.62825,2355380.0206000004,2117314.7940999996,2076123.848029631
2022-12-19,2114942.092999998,2177527.2059,2302462.22825,2356287.920600001,2127037.2940999996,2079259.5156435396
2022-12-20,2101324.892999998,2173872.8058999996,2294012.22825,2354886.3206000007,2114130.0941,2073572.0585502235
2022-12-21,2070607.3929999976,2172148.7059,2293689.62825,2354808.6206000005,2113259.9941,2070203.041200458
2022-12-22,2076687.9929999977,2172658.6059,2292476.42825,2354617.0206000004,2112408.5941,2070858.308403387
2022-12-26,2073993.7929999975,2172015.3059,2296268.42825,2355189.2206000006,2116733.9941,2070822.1715103688
2022-12-27,2071857.1929999976,2171723.4059,2293133.42825,2354686.7206000006,2113264.4941,2069779.987523681
2022-12-28,2073768.8929999976,2174632.9059,2300548.02825,2356751.2206000006,2122799.3940999997,2075278.5966662234
2022-12-29,2076236.9929999975,2179865.1059,2296851.92825,2355271.7206000006,2122458.1940999995,2077495.588076144
