,date,account_value
0,2019-01-02,2000000.0
1,2019-01-03,1999168.3675000002
2,2019-01-04,2001628.6326850005
3,2019-01-07,2003474.7988400005
4,2019-01-08,2003743.5745550008
5,2019-01-09,2003922.5045750004
6,2019-01-10,2005955.3850200004
7,2019-01-11,2005454.0446550008
8,2019-01-14,2004316.3488850005
9,2019-01-15,2005379.2631600003
10,2019-01-16,2009151.3974449998
11,2019-01-17,2012279.032275
12,2019-01-18,2015890.7741599993
13,2019-01-22,2005180.0448349994
14,2019-01-23,2005577.266789999
15,2019-01-24,2009535.3639499992
16,2019-01-25,2014226.978604999
17,2019-01-28,2007188.1361099984
18,2019-01-29,2003384.890129998
19,2019-01-30,2014426.2493199976
20,2019-01-31,2036705.5374999978
21,2019-02-01,2033144.1282649976
22,2019-02-04,2038725.3433999973
23,2019-02-05,2049995.831284997
24,2019-02-06,2046029.9137699972
25,2019-02-07,2031337.0884999968
26,2019-02-08,2019782.3267249973
27,2019-02-11,2026195.896814997
28,2019-02-12,2043951.4978099968
29,2019-02-13,2055988.221424997
30,2019-02-14,2041078.617199997
31,2019-02-15,2051377.4611649967
32,2019-02-19,2053855.0187299969
33,2019-02-20,2055708.6172999968
34,2019-02-21,2048898.247509997
35,2019-02-22,2061099.7076049973
36,2019-02-25,2082420.0831349972
37,2019-02-26,2077387.2822949965
38,2019-02-27,2090706.409214997
39,2019-02-28,2073164.6506399969
40,2019-03-01,2078569.8067199967
41,2019-03-04,2086963.6750049968
42,2019-03-05,2066059.720699997
43,2019-03-06,2028666.1850299966
44,2019-03-07,2022407.7339549966
45,2019-03-08,2028682.6737949965
46,2019-03-11,2067676.8837149963
47,2019-03-12,2065843.3895899963
48,2019-03-13,2090705.3747749962
49,2019-03-14,2097347.8407899966
50,2019-03-15,2100112.678834996
51,2019-03-18,2119944.719044997
52,2019-03-19,2117363.274639996
53,2019-03-20,2106039.1699449965
54,2019-03-21,2119315.6216199966
55,2019-03-22,2061710.3045249963
56,2019-03-25,2052749.4854399965
57,2019-03-26,2081152.2973149966
58,2019-03-27,2066055.6762899964
59,2019-03-28,2068217.4398699964
60,2019-03-29,2080341.8060049964
61,2019-04-01,2119962.306744997
62,2019-04-02,2125714.698579996
63,2019-04-03,2128029.8045749962
64,2019-04-04,2130664.3475699965
65,2019-04-05,2135424.6858799965
66,2019-04-08,2114543.1841599965
67,2019-04-09,2086299.794189996
68,2019-04-10,2089556.7669499964
69,2019-04-11,2093240.6377599968
70,2019-04-12,2106130.667624997
71,2019-04-15,2096126.3179649967
72,2019-04-16,2123029.0256199962
73,2019-04-17,2132304.963174996
74,2019-04-18,2145589.8995449967
75,2019-04-22,2151869.7559449966
76,2019-04-23,2167675.633139997
77,2019-04-24,2165542.4810049967
78,2019-04-25,2117145.8431699965
79,2019-04-26,2134970.1124799964
80,2019-04-29,2133380.4911299963
81,2019-04-30,2156186.4589149966
82,2019-05-01,2136264.986304996
83,2019-05-02,2139246.344994996
84,2019-05-03,2180852.4585999963
85,2019-05-06,2165518.7706199964
86,2019-05-07,2123570.3763699965
87,2019-05-08,2113034.0877299956
88,2019-05-09,2088129.8374849963
89,2019-05-10,2100805.127029996
90,2019-05-13,2038684.6006899967
91,2019-05-14,2081332.5539499964
92,2019-05-15,2087182.3249599964
93,2019-05-16,2093535.3747449967
94,2019-05-17,2066789.7475149967
95,2019-05-20,2050561.6605949968
96,2019-05-21,2067504.601749996
97,2019-05-22,2062843.6622599964
98,2019-05-23,2017961.1250449964
99,2019-05-24,2021039.7516349962
100,2019-05-28,1999275.506639997
101,2019-05-29,1997045.0943599965
102,2019-05-30,2004357.5665549964
103,2019-05-31,1980228.4404249967
104,2019-06-03,1966359.0196849962
105,2019-06-04,2035113.1551149962
106,2019-06-05,2032889.7776599964
107,2019-06-06,2040706.3708099965
108,2019-06-07,2064647.7645299966
109,2019-06-10,2094169.6577499968
110,2019-06-11,2099410.371969996
111,2019-06-12,2102574.4881799966
112,2019-06-13,2109873.8793449965
113,2019-06-14,2100795.0781949963
114,2019-06-17,2083204.4872549966
115,2019-06-18,2133776.2419199967
116,2019-06-19,2126810.292404996
117,2019-06-20,2157447.4355149963
118,2019-06-21,2142674.744544996
119,2019-06-24,2126597.9389649965
120,2019-06-25,2104855.404024997
121,2019-06-26,2120269.9549849965
122,2019-06-27,2134517.580514997
123,2019-06-28,2149835.2191199963
124,2019-07-01,2173221.3024049965
125,2019-07-02,2172497.0063799964
126,2019-07-03,2179644.2175299963
127,2019-07-05,2174974.7153449967
128,2019-07-08,2145900.0298049957
129,2019-07-09,2157934.9881149963
130,2019-07-10,2159667.5206099963
131,2019-07-11,2156286.8749499954
132,2019-07-12,2191542.622474996
133,2019-07-15,2183836.714699996
134,2019-07-16,2185831.8571749963
135,2019-07-17,2150146.412424997
136,2019-07-18,2155382.485619996
137,2019-07-19,2149163.5746549964
138,2019-07-22,2173488.0337899965
139,2019-07-23,2217459.423254996
140,2019-07-24,2238711.7983599966
141,2019-07-25,2212939.012979996
142,2019-07-26,2212895.974389997
143,2019-07-29,2199279.9700449966
144,2019-07-30,2206669.398884997
145,2019-07-31,2180304.4324549963
146,2019-08-01,2128473.6237099967
147,2019-08-02,2107985.892494996
148,2019-08-05,2034472.935359996
149,2019-08-06,2041982.9535149965
150,2019-08-07,2025492.9327599967
151,2019-08-08,2057284.8668849962
152,2019-08-09,2017705.7157199967
153,2019-08-12,1987905.1076999968
154,2019-08-13,2035747.9178299964
155,2019-08-14,1966196.7835099965
156,2019-08-15,1892730.9849299958
157,2019-08-16,1970919.8370049964
158,2019-08-19,1980570.720404997
159,2019-08-20,1942392.4993949966
160,2019-08-21,1935013.8616849964
161,2019-08-22,1933972.3652399965
162,2019-08-23,1878153.8139499966
163,2019-08-26,1895990.6716199964
164,2019-08-27,1884458.5586149963
165,2019-08-28,1893940.3283249964
166,2019-08-29,1927875.7206549963
167,2019-08-30,1939829.7783449965
168,2019-09-03,1940469.4266649967
169,2019-09-04,1994405.6806949964
170,2019-09-05,2029191.9935149967
171,2019-09-06,2023141.7689599965
172,2019-09-09,2062024.2803849967
173,2019-09-10,2080037.5069899962
174,2019-09-11,2103348.4714799966
175,2019-09-12,2100082.890034997
176,2019-09-13,2112664.642924997
177,2019-09-16,2100220.4002649966
178,2019-09-17,2102780.1964149964
179,2019-09-18,2103796.340214997
180,2019-09-19,2102111.0304049966
181,2019-09-20,2085246.2709799963
182,2019-09-23,2083122.4253399968
183,2019-09-24,2036773.693024996
184,2019-09-25,2057960.9789299967
185,2019-09-26,2031952.0116299966
186,2019-09-27,2035716.5355299967
187,2019-09-30,2033353.256029997
188,2019-10-01,1983788.3474449967
189,2019-10-02,1954667.6528599963
190,2019-10-03,1975792.655464997
191,2019-10-04,1982843.7420949964
192,2019-10-07,1971644.3836749967
193,2019-10-08,1923964.4990249965
194,2019-10-09,1937847.5273649967
195,2019-10-10,1954971.3027549968
196,2019-10-11,2003101.849229997
197,2019-10-14,1997903.9988049965
198,2019-10-15,2029140.301034996
199,2019-10-16,2030255.5600599966
200,2019-10-17,2041936.4693699963
201,2019-10-18,2026645.8714699966
202,2019-10-21,2032026.0934899964
203,2019-10-22,2040544.4418899964
204,2019-10-23,2048551.6423899964
205,2019-10-24,2045741.6816149966
206,2019-10-25,2060892.1266599966
207,2019-10-28,2085356.6454399966
208,2019-10-29,2080633.5888999966
209,2019-10-30,2170103.4068849967
210,2019-10-31,2150759.6352949967
211,2019-11-01,2197094.469934996
212,2019-11-04,2261450.5585249965
213,2019-11-05,2267423.131289996
214,2019-11-06,2274906.959709996
215,2019-11-07,2298507.415779996
216,2019-11-08,2313584.9479849963
217,2019-11-11,2294167.970199996
218,2019-11-12,2306512.688744996
219,2019-11-13,2284233.3742399965
220,2019-11-14,2281357.948584996
221,2019-11-15,2301299.7122699963
222,2019-11-18,2299364.9548249966
223,2019-11-19,2305599.6271749963
224,2019-11-20,2287441.8251099964
225,2019-11-21,2290249.6727599967
226,2019-11-22,2300781.895264996
227,2019-11-25,2323048.2997049964
228,2019-11-26,2305248.9500249964
229,2019-11-27,2310641.3342899964
230,2019-11-29,2301373.6938699964
231,2019-12-02,2278877.2988849967
232,2019-12-03,2247764.8530699965
233,2019-12-04,2245652.6692149965
234,2019-12-05,2235057.5399649963
235,2019-12-06,2277938.5749099967
236,2019-12-09,2267532.0793799968
237,2019-12-10,2259765.6013499964
238,2019-12-11,2262846.6523199966
239,2019-12-12,2318115.830894996
240,2019-12-13,2305216.0995849967
241,2019-12-16,2294768.134269996
242,2019-12-17,2293591.387644997
243,2019-12-18,2277890.057649997
244,2019-12-19,2289127.226469997
245,2019-12-20,2291273.3530199965
246,2019-12-23,2303816.1330299964
247,2019-12-24,2306384.1937999963
248,2019-12-26,2331118.0121699963
249,2019-12-27,2327975.4241799964
250,2019-12-30,2308209.1662499965
251,2019-12-31,2313948.5572599964
252,2020-01-02,2407128.4736799966
253,2020-01-03,2400439.4758449965
254,2020-01-06,2421760.801769997
255,2020-01-07,2413407.5580499964
256,2020-01-08,2410705.4973899964
257,2020-01-09,2417460.4512099964
258,2020-01-10,2386044.5122899963
259,2020-01-13,2440149.1418799963
260,2020-01-14,2425020.7731799963
261,2020-01-15,2398809.4790799967
262,2020-01-16,2406258.2808049964
263,2020-01-17,2404491.742544996
264,2020-01-21,2392526.7101499964
265,2020-01-22,2370093.6760599967
266,2020-01-23,2406608.7480449965
267,2020-01-24,2387936.5908049964
268,2020-01-27,2340234.7544149966
269,2020-01-28,2373581.1899649967
270,2020-01-29,2487658.3996799965
271,2020-01-30,2481245.5190749965
272,2020-01-31,2463950.2132849963
273,2020-02-03,2451148.4768249965
274,2020-02-04,2498684.083964997
275,2020-02-05,2538017.0353699964
276,2020-02-06,2546063.2223899965
277,2020-02-07,2543662.713219997
278,2020-02-10,2564596.6570449965
279,2020-02-11,2568394.124434997
280,2020-02-12,2599241.6804749966
281,2020-02-13,2561620.748304997
282,2020-02-14,2546800.6402249965
283,2020-02-18,2540543.006059997
284,2020-02-19,2539396.3483199966
285,2020-02-20,2524494.709529996
286,2020-02-21,2477609.1647949964
287,2020-02-24,2391954.3716449966
288,2020-02-25,2303226.6554999966
289,2020-02-26,2267268.5306299967
290,2020-02-27,2168464.593389997
291,2020-02-28,2169773.5894749966
292,2020-03-02,2265871.415314996
293,2020-03-03,2205091.4211599957
294,2020-03-04,2257051.711179996
295,2020-03-05,2125726.0095349965
296,2020-03-06,2030149.3965949966
297,2020-03-09,1817647.2026749963
298,2020-03-10,1954100.1110949966
299,2020-03-11,1835576.8063899963
300,2020-03-12,1635944.907439997
301,2020-03-13,1800230.600139997
302,2020-03-16,1591084.5955399964
303,2020-03-17,1688593.5571249963
304,2020-03-18,1644478.4791299962
305,2020-03-19,1637113.1632399966
306,2020-03-20,1576416.9808299965
307,2020-03-23,1518377.2805349964
308,2020-03-24,1657041.7349049964
309,2020-03-25,1713980.5735149966
310,2020-03-26,1828112.6401549962
311,2020-03-27,1753601.7976949965
312,2020-03-30,1799505.1770399965
313,2020-03-31,1783787.1109249964
314,2020-04-01,1658276.3744499965
315,2020-04-02,1665245.2998349962
316,2020-04-03,1627566.4147549965
317,2020-04-06,1742475.953389997
318,2020-04-07,1729179.0015699964
319,2020-04-08,1786312.1102049965
320,2020-04-09,1782129.7998999967
321,2020-04-13,1777297.9206449965
322,2020-04-14,1792886.3893899966
323,2020-04-15,1730135.3593899962
324,2020-04-16,1721292.8593899969
325,2020-04-17,1805440.2893899966
326,2020-04-20,1769004.3151349963
327,2020-04-21,1734366.5428449963
328,2020-04-22,1742031.7407849964
329,2020-04-23,1757373.1102849965
330,2020-04-24,1744010.3651949964
331,2020-04-27,1785497.9358549966
332,2020-04-28,1838992.5855549965
333,2020-04-29,1848896.3389449965
334,2020-04-30,1874082.4699649964
335,2020-05-01,1779525.5375349966
336,2020-05-04,1751235.1176049965
337,2020-05-05,1749232.7810349965
338,2020-05-06,1721917.0051049965
339,2020-05-07,1756462.7522149966
340,2020-05-08,1797253.5989749965
341,2020-05-11,1781681.7628199968
342,2020-05-12,1744644.0683199964
343,2020-05-13,1698267.2576049964
344,2020-05-14,1710565.3569549965
345,2020-05-15,1698018.8332349968
346,2020-05-18,1812638.6099849963
347,2020-05-19,1795651.3148949961
348,2020-05-20,1837057.5494599966
349,2020-05-21,1829342.371359996
350,2020-05-22,1822933.7009099964
351,2020-05-26,1893719.5827499968
352,2020-05-27,1965652.4206749965
353,2020-05-28,1902075.4098999966
354,2020-05-29,1881798.0153799963
355,2020-06-01,1914548.6051799965
356,2020-06-02,1952550.6000349966
357,2020-06-03,2012792.6752599967
358,2020-06-04,2055634.7609149965
359,2020-06-05,2093527.6382449965
360,2020-06-08,2182348.5934599964
361,2020-06-09,2132128.2238499965
362,2020-06-10,2076241.5183149965
363,2020-06-11,1928883.8188249967
364,2020-06-12,1972666.2584649962
365,2020-06-15,1991973.2560849965
366,2020-06-16,2034908.317929996
367,2020-06-17,2006540.8313849967
368,2020-06-18,2013714.1650899965
369,2020-06-19,2006586.7768999964
370,2020-06-22,1991830.0883799966
371,2020-06-23,1998143.484154997
372,2020-06-24,1911962.8458649968
373,2020-06-25,1945880.0658649965
374,2020-06-26,1887700.4658649967
375,2020-06-29,1932811.7858649965
376,2020-06-30,1963676.8858649966
377,2020-07-01,1966110.814709996
378,2020-07-02,1977709.6547099962
379,2020-07-06,2041548.7747099963
380,2020-07-07,1987061.0295049965
381,2020-07-08,2018034.979504997
382,2020-07-09,1994081.239504997
383,2020-07-10,2034992.4695049967
384,2020-07-13,2021668.2410699967
385,2020-07-14,2047855.2152899962
386,2020-07-15,2072280.6332999964
387,2020-07-16,2064035.312179996
388,2020-07-17,2062141.0001299963
389,2020-07-20,2076993.6604199964
390,2020-07-21,2098885.2026299965
391,2020-07-22,2096832.8973799967
392,2020-07-23,2069068.8363949961
393,2020-07-24,2052749.9291949961
394,2020-07-27,2041376.6587949963
395,2020-07-28,2046986.1255349966
396,2020-07-29,2037403.2757199965
397,2020-07-30,1991321.2523499962
398,2020-07-31,2000747.5717699965
399,2020-08-03,1992306.4430549964
400,2020-08-04,1996368.8378049964
401,2020-08-05,2047539.8535849964
402,2020-08-06,2041300.0386149965
403,2020-08-07,2050334.5621299967
404,2020-08-10,2079267.0273199964
405,2020-08-11,2082564.8898999968
406,2020-08-12,2089237.7866599965
407,2020-08-13,2070786.4665649966
408,2020-08-14,2074969.082664997
409,2020-08-17,2058275.5034399966
410,2020-08-18,2070898.5682949962
411,2020-08-19,2054448.0508049962
412,2020-08-20,2043244.2508049968
413,2020-08-21,2036303.5608049964
414,2020-08-24,2092927.8508049962
415,2020-08-25,2093773.5408049964
416,2020-08-26,2098495.3539049965
417,2020-08-27,2104005.4586099964
418,2020-08-28,2120823.460259997
419,2020-08-31,2090712.381609996
420,2020-09-01,2086502.1332349966
421,2020-09-02,2132370.2069549966
422,2020-09-03,2066073.8310549962
423,2020-09-04,2059233.0433649966
424,2020-09-08,1980852.473364997
425,2020-09-09,2008192.903364997
426,2020-09-10,1955724.903364997
427,2020-09-11,1946731.6033649966
428,2020-09-14,1979754.1833649965
429,2020-09-15,1974493.2333649963
430,2020-09-16,2049951.213364996
431,2020-09-17,2066258.0198049967
432,2020-09-18,2036013.4667849964
433,2020-09-21,1954466.5404899963
434,2020-09-22,1968007.3869999964
435,2020-09-23,1913744.5437899965
436,2020-09-24,1915125.1637899966
437,2020-09-25,1944892.0437899965
438,2020-09-28,1985378.6595249965
439,2020-09-29,1964024.4892299967
440,2020-09-30,1985233.331009997
441,2020-10-01,1997131.5383749967
442,2020-10-02,2007011.3343699963
443,2020-10-05,2044055.4016349968
444,2020-10-06,1996003.7502449963
445,2020-10-07,2045556.4923949966
446,2020-10-08,2101482.134399996
447,2020-10-09,2145075.2593999966
448,2020-10-12,2175732.2508349963
449,2020-10-13,2156659.5459349966
450,2020-10-14,2152717.084004997
451,2020-10-15,2160900.066574997
452,2020-10-16,2184479.7627749965
453,2020-10-19,2182429.1103949966
454,2020-10-20,2202016.5255449964
455,2020-10-21,2190581.5836899965
456,2020-10-22,2248299.8122749967
457,2020-10-23,2248435.3403949966
458,2020-10-26,2200487.645804996
459,2020-10-27,2164523.8229049966
460,2020-10-28,2162589.8140799967
461,2020-10-29,2150890.3855499965
462,2020-10-30,2115852.7045149966
463,2020-11-02,2137658.5207699966
464,2020-11-03,2203658.6995199965
465,2020-11-04,2235339.8391699963
466,2020-11-05,2282723.2088699965
467,2020-11-06,2280108.1423549964
468,2020-11-09,2366974.503919997
469,2020-11-10,2380829.0439199964
470,2020-11-11,2394752.703919996
471,2020-11-12,2354844.223919996
472,2020-11-13,2435061.8965849965
473,2020-11-16,2494090.147449997
474,2020-11-17,2502622.0443199966
475,2020-11-18,2500317.5399299967
476,2020-11-19,2495792.3225299963
477,2020-11-20,2495793.5390999964
478,2020-11-23,2551000.1837099968
479,2020-11-24,2630225.9060299965
480,2020-11-25,2649462.1948249964
481,2020-11-27,2638235.8069299967
482,2020-11-30,2605017.0960099963
483,2020-12-01,2611087.4051899966
484,2020-12-02,2650452.829669997
485,2020-12-03,2678917.6796699967
486,2020-12-04,2721838.939669996
487,2020-12-07,2711456.549669997
488,2020-12-08,2732306.3896699967
489,2020-12-09,2770341.6296699964
490,2020-12-10,2756306.4396699965
491,2020-12-11,2743260.159669997
492,2020-12-14,2692883.6225199965
493,2020-12-15,2739643.1701599965
494,2020-12-16,2733145.1663049962
495,2020-12-17,2730444.3008149965
496,2020-12-18,2707243.8628749964
497,2020-12-21,2698501.451554997
498,2020-12-22,2672588.5836249962
499,2020-12-23,2708341.0493699964
500,2020-12-24,2672911.0790499966
501,2020-12-28,2696786.494614997
502,2020-12-29,2691637.1401849966
503,2020-12-30,2712813.0801849966
504,2020-12-31,2727003.2501849965
505,2021-01-04,2661202.6900349967
506,2021-01-05,2709548.0679449965
507,2021-01-06,2797284.198909996
508,2021-01-07,2806834.7589099966
509,2021-01-08,2814455.248909997
510,2021-01-11,2822932.1589099965
511,2021-01-12,2878928.1589099965
512,2021-01-13,2850206.968909996
513,2021-01-14,2865646.5889099967
514,2021-01-15,2801807.0589099964
515,2021-01-19,2828917.368909996
516,2021-01-20,2847423.208909997
517,2021-01-21,2802579.8389099967
518,2021-01-22,2798444.8789099962
519,2021-01-25,2784545.8089099964
520,2021-01-26,2829700.078909997
521,2021-01-27,2807444.4089099965
522,2021-01-28,2794785.658909997
523,2021-01-29,2710339.4489099965
524,2021-02-01,2743457.2289099963
525,2021-02-02,2828116.518909997
526,2021-02-03,2817849.0189099964
527,2021-02-04,2871150.7989099966
528,2021-02-05,2867240.4289099965
529,2021-02-08,2906236.0389099964
530,2021-02-09,2896601.088909996
531,2021-02-10,2875786.1189099965
532,2021-02-11,2875937.7589099966
533,2021-02-12,2916372.4172649966
534,2021-02-16,2958453.7417649967
535,2021-02-17,2948515.151764996
536,2021-02-18,2910802.531764997
537,2021-02-19,2963080.6790549965
538,2021-02-22,3012038.2890549963
539,2021-02-23,3029436.179054997
540,2021-02-24,3114767.6590549964
541,2021-02-25,3023914.169054996
542,2021-02-26,2995934.8690549964
543,2021-03-01,3108532.1940849973
544,2021-03-02,3088859.774084997
545,2021-03-03,3135489.7940849965
546,2021-03-04,3125901.464084996
547,2021-03-05,3167867.923444996
548,2021-03-08,3240693.513444997
549,2021-03-09,3236658.3134449963
550,2021-03-10,3145434.113444996
551,2021-03-11,3026297.6934449966
552,2021-03-12,3068092.613444996
553,2021-03-15,3159569.4289649962
554,2021-03-16,3126918.885824997
555,2021-03-17,3204515.7334049963
556,2021-03-18,3134242.343334996
557,2021-03-19,3130200.623334997
558,2021-03-22,3116827.267024997
559,2021-03-23,3043855.8239049967
560,2021-03-24,3023211.473904996
561,2021-03-25,3079108.3839049963
562,2021-03-26,3122469.043904996
563,2021-03-29,3110322.083904997
564,2021-03-30,3144810.7639049967
565,2021-03-31,3119817.7339049964
566,2021-04-01,3160519.237784996
567,2021-04-05,3203602.597784997
568,2021-04-06,3194930.647784996
569,2021-04-07,3206194.457784997
570,2021-04-08,3215122.8377849967
571,2021-04-09,3260727.8877849965
572,2021-04-12,3271795.0177849964
573,2021-04-13,3231514.307784996
574,2021-04-14,3250650.987784996
575,2021-04-15,3240529.5459049963
576,2021-04-16,3229757.3259049966
577,2021-04-19,3229224.3959049964
578,2021-04-20,3159129.7059049965
579,2021-04-21,3217393.385904996
580,2021-04-22,3199302.9059049967
581,2021-04-23,3242001.855904997
582,2021-04-26,3259159.466664997
583,2021-04-27,3261950.9966649967
584,2021-04-28,3233715.8664649967
585,2021-04-29,3251326.7664649966
586,2021-04-30,3225925.758769996
587,2021-05-03,3270049.992584997
588,2021-05-04,3219190.9795549954
589,2021-05-05,3237131.735874997
590,2021-05-06,3261753.336824997
591,2021-05-07,3273829.7062149965
592,2021-05-10,3268931.5813899967
593,2021-05-11,3214749.282254996
594,2021-05-12,3160740.714089996
595,2021-05-13,3202725.069874997
596,2021-05-14,3265969.333434996
597,2021-05-17,3258981.1273249965
598,2021-05-18,3212373.697174996
599,2021-05-19,3224035.7007599967
600,2021-05-20,3225385.5410599965
601,2021-05-21,3252346.681919997
602,2021-05-24,3241211.243059996
603,2021-05-25,3228773.352669996
604,2021-05-26,3267653.092279997
605,2021-05-27,3396747.7522799964
606,2021-05-28,3365121.3122799965
607,2021-06-01,3378004.212279996
608,2021-06-02,3378064.332279997
609,2021-06-03,3366051.3422799967
610,2021-06-04,3361149.7422799966
611,2021-06-07,3351852.3422799967
612,2021-06-08,3364936.7322799964
613,2021-06-09,3333838.0822799965
614,2021-06-10,3319494.732279997
615,2021-06-11,3335174.5922799967
616,2021-06-14,3304122.7022799966
617,2021-06-15,3325277.0922799963
618,2021-06-16,3321584.3822799963
619,2021-06-17,3250416.2622799966
620,2021-06-18,3201626.3322799965
621,2021-06-21,3275472.9122799966
622,2021-06-22,3265930.2122799964
623,2021-06-23,3259363.102279996
624,2021-06-24,3279062.832279997
625,2021-06-25,3285522.752279997
626,2021-06-28,3254820.5722799967
627,2021-06-29,3280259.602279996
628,2021-06-30,3328183.902279997
629,2021-07-01,3338721.562279997
630,2021-07-02,3348937.7422799966
631,2021-07-06,3309509.052279997
632,2021-07-07,3322450.312279997
633,2021-07-08,3287804.8422799967
634,2021-07-09,3355786.8998499964
635,2021-07-12,3372225.039849996
636,2021-07-13,3313835.5598499966
637,2021-07-14,3296521.2198499963
638,2021-07-15,3288716.5498499963
639,2021-07-16,3237606.4898499963
640,2021-07-19,3131050.0698499964
641,2021-07-20,3256999.2398499963
642,2021-07-21,3325092.6198499966
643,2021-07-22,3272695.739849996
644,2021-07-23,3284905.389849996
645,2021-07-26,3318806.8198499964
646,2021-07-27,3317144.0198499965
647,2021-07-28,3321462.9698499967
648,2021-07-29,3344965.3398499964
649,2021-07-30,3251368.1398499967
650,2021-08-02,3209570.599849996
651,2021-08-03,3273688.579849996
652,2021-08-04,3266740.7198499963
653,2021-08-05,3284926.419849997
654,2021-08-06,3319521.6998499967
655,2021-08-09,3312105.005829996
656,2021-08-10,3357103.003174996
657,2021-08-11,3356864.540449997
658,2021-08-12,3360201.210449997
659,2021-08-13,3327473.338559997
660,2021-08-16,3305522.8964899965
661,2021-08-17,3253616.666524997
662,2021-08-18,3231017.2549999966
663,2021-08-19,3200087.2528249966
664,2021-08-20,3225191.794314997
665,2021-08-23,3255608.3443149966
666,2021-08-24,3305766.562489996
667,2021-08-25,3342164.2023049966
668,2021-08-26,3317898.6803049967
669,2021-08-27,3387759.842424996
670,2021-08-30,3375165.085809997
671,2021-08-31,3394199.529944997
672,2021-09-01,3355713.868299996
673,2021-09-02,3400942.1082999967
674,2021-09-03,3369805.3582999967
675,2021-09-07,3340083.798299996
676,2021-09-08,3336649.105864996
677,2021-09-09,3342335.308179997
678,2021-09-10,3315522.138264997
679,2021-09-13,3359383.8581449967
680,2021-09-14,3269446.598144996
681,2021-09-15,3312370.028144996
682,2021-09-16,3300238.618144997
683,2021-09-17,3274144.5881449957
684,2021-09-20,3212722.778144996
685,2021-09-21,3154934.038144996
686,2021-09-22,3206594.3081449964
687,2021-09-23,3311156.1481449963
688,2021-09-24,3325565.908144997
689,2021-09-27,3363188.2337699966
690,2021-09-28,3317098.9837699966
691,2021-09-29,3322450.6176049965
692,2021-09-30,3246421.8209199966
693,2021-10-01,3302506.733094996
694,2021-10-04,3256965.3216949967
695,2021-10-05,3274247.1365649966
696,2021-10-06,3268038.3197649955
697,2021-10-07,3297832.520169997
698,2021-10-08,3287797.6867849957
699,2021-10-11,3266769.1452749963
700,2021-10-12,3227545.347899997
701,2021-10-13,3231873.017899997
702,2021-10-14,3264279.147899997
703,2021-10-15,3312410.3078999966
704,2021-10-18,3317495.910834997
705,2021-10-19,3345976.773379997
706,2021-10-20,3379385.7440849966
707,2021-10-21,3335655.739294996
708,2021-10-22,3347813.963189997
709,2021-10-25,3365307.233189997
710,2021-10-26,3414973.023189997
711,2021-10-27,3336105.023189997
712,2021-10-28,3406726.6431899965
713,2021-10-29,3388677.7831899966
714,2021-11-01,3400786.3031899966
715,2021-11-02,3409125.9131899965
716,2021-11-03,3423813.0831899964
717,2021-11-04,3418037.1731899967
718,2021-11-05,3482311.4131899965
719,2021-11-08,3475979.2531899964
720,2021-11-09,3529277.343189996
721,2021-11-10,3452679.8131899964
722,2021-11-11,3423807.8831899962
723,2021-11-12,3446992.2931899973
724,2021-11-15,3433675.1331899962
725,2021-11-16,3376981.3721649963
726,2021-11-17,3337109.1233499967
727,2021-11-18,3331809.2226299965
728,2021-11-19,3314034.112629996
729,2021-11-22,3315929.382629996
730,2021-11-23,3349239.2126299962
731,2021-11-24,3348027.192629996
732,2021-11-26,3230480.4526299965
733,2021-11-29,3260718.889749997
734,2021-11-30,3162135.4394649966
735,2021-12-01,3104423.7716799965
736,2021-12-02,3174371.3216799963
737,2021-12-03,3098045.481679996
738,2021-12-06,3168373.631679997
739,2021-12-07,3237087.211679996
740,2021-12-08,3243807.6616799966
741,2021-12-09,3214403.4016799964
742,2021-12-10,3183856.9516799967
743,2021-12-13,3097648.481679997
744,2021-12-14,3072646.401679996
745,2021-12-15,3095445.5016799965
746,2021-12-16,3085709.771679996
747,2021-12-17,3072043.791679996
748,2021-12-18,3071389.0616799966
749,2021-12-20,3013772.5116799963
750,2021-12-21,3092591.621679996
751,2021-12-22,3098783.3416799963
752,2021-12-23,3128804.0516799963
753,2021-12-24,3129123.261679996
754,2021-12-27,3154073.901679997
755,2021-12-28,3168289.311679996
756,2021-12-29,3148643.8016799963
757,2021-12-30,3146722.831679996
758,2021-12-31,3131249.0616799966
759,2022-01-01,3131087.5116799963
760,2022-01-03,3178866.111679996
761,2022-01-04,3238024.5769499955
762,2022-01-05,3196706.506949996
763,2022-01-06,3224055.216949996
764,2022-01-07,3258517.9369499967
765,2022-01-08,3258613.2769499966
766,2022-01-10,3214291.826949996
767,2022-01-11,3283767.6956299962
768,2022-01-12,3251689.405629996
769,2022-01-13,3234539.8349199966
770,2022-01-14,3234012.0571899964
771,2022-01-15,3234590.682389997
772,2022-01-18,3196179.0075549963
773,2022-01-19,3123256.535384997
774,2022-01-20,3056434.3075099965
775,2022-01-21,2967374.6475099963
776,2022-01-22,2967691.397509997
777,2022-01-24,2988621.7775099967
778,2022-01-25,2876381.537509996
779,2022-01-26,2839085.8575099963
780,2022-01-27,2826894.7275099964
781,2022-01-28,2882418.787509996
782,2022-01-29,2882799.8075099965
783,2022-01-31,2952421.5075099966
784,2022-02-01,3026889.197509997
785,2022-02-02,3034870.257509997
786,2022-02-03,2970012.457509997
787,2022-02-04,3048335.5975099965
788,2022-02-05,3048821.9475099966
789,2022-02-07,3074902.217509996
790,2022-02-08,3079416.297509997
791,2022-02-09,3083824.2675099964
792,2022-02-10,3050638.667509997
793,2022-02-11,2978921.167509996
794,2022-02-12,2979189.5875099967
795,2022-02-14,2973802.147509997
796,2022-02-15,3064045.037509997
797,2022-02-16,3077389.5975099965
798,2022-02-17,2998847.917509997
799,2022-02-18,2899674.6975099966
800,2022-02-19,2899675.007509996
801,2022-02-22,2914717.457509996
802,2022-02-23,2857448.807509997
803,2022-02-24,2876953.6475099963
804,2022-02-25,2972912.8775099968
805,2022-02-26,2973376.417509997
806,2022-02-28,2945768.267509997
807,2022-03-01,2844908.0975099965
808,2022-03-02,2905345.3375099967
809,2022-03-03,2858993.777509996
810,2022-03-04,2768099.9775099964
811,2022-03-05,2768142.9175099963
812,2022-03-07,2651581.5875099967
813,2022-03-08,2699889.9775099964
814,2022-03-09,2787845.3875099965
815,2022-03-10,2806435.3175099967
816,2022-03-11,2806198.1275099963
817,2022-03-12,2805975.487509997
818,2022-03-14,2802059.1375099965
819,2022-03-15,2831148.607509997
820,2022-03-16,2920222.897509997
821,2022-03-17,2955721.477509997
822,2022-03-18,2968982.3575099967
823,2022-03-21,2955321.4475099966
824,2022-03-22,2988007.357509997
825,2022-03-23,2944935.6275099963
826,2022-03-24,2964005.317509997
827,2022-03-25,2974198.8075099965
828,2022-03-28,2954645.877509997
829,2022-03-29,3011801.1875099964
830,2022-03-30,2990668.3475099965
831,2022-03-31,2911948.7275099964
832,2022-04-01,2930901.217509996
833,2022-04-04,2947781.447509997
834,2022-04-05,2898797.597509996
835,2022-04-06,2854742.5575099965
836,2022-04-07,2838883.727509997
837,2022-04-08,2839718.9475099966
838,2022-04-11,2815707.3275099965
839,2022-04-12,2815421.9775099964
840,2022-04-13,2840985.0675099967
841,2022-04-14,2808979.347509997
842,2022-04-18,2809219.097509997
843,2022-04-19,2872037.167509997
844,2022-04-20,2849452.7175099966
845,2022-04-21,2818458.1675099973
846,2022-04-22,2733446.117509996
847,2022-04-25,2758812.137509996
848,2022-04-26,2558901.137509997
849,2022-04-27,2519085.2375099966
850,2022-04-28,2529869.7875099964
851,2022-04-29,2382539.5875099967
852,2022-05-02,2410405.0975099965
853,2022-05-03,2458917.4675099966
854,2022-05-04,2544455.517509997
855,2022-05-05,2449479.5875099967
856,2022-05-06,2430370.0375099964
857,2022-05-09,2305053.667509997
858,2022-05-10,2307109.267509997
859,2022-05-11,2253060.5775099965
860,2022-05-12,2284518.7875099964
861,2022-05-13,2339583.1175099965
862,2022-05-16,2319494.9875099966
863,2022-05-17,2389091.6275099968
864,2022-05-18,2318073.8675099965
865,2022-05-19,2321037.6075099963
866,2022-05-20,2316592.8775099968
867,2022-05-23,2331259.7575099966
868,2022-05-24,2302463.307509997
869,2022-05-25,2326625.5475099967
870,2022-05-26,2406451.7389449966
871,2022-05-27,2460969.362359997
872,2022-05-31,2460466.0989599964
873,2022-06-01,2435863.6013249964
874,2022-06-02,2471788.1533649964
875,2022-06-03,2433515.740879996
876,2022-06-06,2445441.454429996
877,2022-06-07,2459832.794139996
878,2022-06-08,2421888.724139997
879,2022-06-09,2346446.4141399967
880,2022-06-10,2235272.6041399967
881,2022-06-13,2128649.8815899966
882,2022-06-14,2129669.071589997
883,2022-06-15,2172981.6515899966
884,2022-06-16,2073165.8815899966
885,2022-06-17,2101387.6315899966
886,2022-06-21,2120700.9215899967
887,2022-06-22,2104865.471589997
888,2022-06-23,2114735.9615899967
889,2022-06-24,2214722.4815899963
890,2022-06-27,2191381.7715899968
891,2022-06-28,2147943.8015899966
892,2022-06-29,2103758.0915899966
893,2022-06-30,2089572.1315899964
894,2022-07-01,2110608.4615899967
895,2022-07-05,2101829.161589997
896,2022-07-06,2094049.9215899964
897,2022-07-07,2135937.581589997
898,2022-07-08,2126150.9515899965
899,2022-07-11,2081397.3615899964
900,2022-07-12,2088029.3315899966
901,2022-07-13,2062954.7215899965
902,2022-07-14,2039257.1815899967
903,2022-07-15,2097395.1715899967
904,2022-07-18,2107567.081589997
905,2022-07-19,2201116.7415899965
906,2022-07-20,2240238.281589997
907,2022-07-21,2257674.6215899964
908,2022-07-22,2246180.201589997
909,2022-07-25,2248114.051589997
910,2022-07-26,2264182.5315899965
911,2022-07-27,2299389.3815899966
912,2022-07-28,2326295.4415899967
913,2022-07-29,2394883.661589997
914,2022-08-01,2426004.041589997
915,2022-08-02,2390845.2815899965
916,2022-08-03,2431673.471589996
917,2022-08-04,2416504.2515899967
918,2022-08-05,2427719.7915899963
919,2022-08-08,2444229.6315899966
920,2022-08-09,2427524.3815899966
921,2022-08-10,2503930.561589997
922,2022-08-11,2531765.381589997
923,2022-08-12,2573031.611589997
924,2022-08-15,2566997.431589997
925,2022-08-16,2595472.0215899968
926,2022-08-17,2558726.511589997
927,2022-08-18,2553730.7815899965
928,2022-08-19,2492626.4615899962
929,2022-08-22,2409435.291589997
930,2022-08-23,2434746.4915899965
931,2022-08-24,2448391.5615899963
932,2022-08-25,2491893.7615899965
933,2022-08-26,2387828.851589997
934,2022-08-29,2391616.541589997
935,2022-08-30,2372468.4615899967
936,2022-08-31,2336952.3215899966
937,2022-09-01,2332974.7615899965
938,2022-09-02,2317267.881589997
939,2022-09-06,2307962.1315899966
940,2022-09-07,2357901.8115899963
941,2022-09-08,2370390.1715899967
942,2022-09-09,2398025.701589997
943,2022-09-12,2436653.2315899967
944,2022-09-13,2292278.641589997
945,2022-09-14,2281315.131589997
946,2022-09-15,2252396.4415899967
947,2022-09-16,2193495.8015899966
948,2022-09-19,2223772.151589997
949,2022-09-20,2196766.811589997
950,2022-09-21,2146652.9415899967
951,2022-09-22,2129187.4015899966
952,2022-09-23,2096065.4415899965
953,2022-09-26,2089675.8915899964
954,2022-09-27,2086046.7115899965
955,2022-09-28,2112543.511589997
956,2022-09-29,2063126.6715899964
957,2022-09-30,2034349.6315899964
958,2022-10-03,2092971.6915899965
959,2022-10-04,2203958.371589997
960,2022-10-05,2193456.471589997
961,2022-10-06,2162758.4815899967
962,2022-10-07,2093045.3715899966
963,2022-10-10,2092760.5715899963
964,2022-10-11,2058459.8115899966
965,2022-10-12,2055530.9615899962
966,2022-10-13,2133919.241589997
967,2022-10-14,2092716.8315899966
968,2022-10-17,2157915.2715899968
969,2022-10-18,2206276.5615899963
970,2022-10-19,2183320.2115899967
971,2022-10-20,2162873.9215899967
972,2022-10-21,2247533.081589997
973,2022-10-24,2272350.9515899965
974,2022-10-25,2286929.1915899967
975,2022-10-26,2310220.3815899966
976,2022-10-27,2296413.6415899964
977,2022-10-28,2324542.911589997
978,2022-10-31,2303796.8715899964
979,2022-11-01,2294398.2215899965
980,2022-11-02,2255616.141589997
981,2022-11-03,2244274.541589997
982,2022-11-04,2304695.471589997
983,2022-11-07,2352940.5215899968
984,2022-11-08,2375003.9715899974
985,2022-11-09,2336508.2215899965
986,2022-11-10,2477395.4515899965
987,2022-11-11,2537565.8715899964
988,2022-11-12,2536973.571589997
989,2022-11-14,2493682.5215899963
990,2022-11-15,2521102.3215899966
991,2022-11-16,2465947.831589997
992,2022-11-17,2457762.331589997
993,2022-11-18,2458650.7415899965
994,2022-11-19,2458414.5915899966
995,2022-11-21,2459899.1715899967
996,2022-11-22,2501153.9915899965
997,2022-11-23,2516812.3915899973
998,2022-11-25,2521680.331589997
999,2022-11-28,2458414.2615899965
1000,2022-11-29,2458774.4615899967
1001,2022-11-30,2500704.6415899964
1002,2022-12-01,2487672.6715899967
1003,2022-12-02,2503888.211589997
1004,2022-12-03,2504292.7715899968
1005,2022-12-05,2430725.4115899964
1006,2022-12-06,2423647.361589997
1007,2022-12-07,2425489.4215899967
1008,2022-12-08,2411575.511589997
1009,2022-12-09,2364231.8515899964
1010,2022-12-10,2364070.061589997
1011,2022-12-12,2407747.0315899965
1012,2022-12-13,2411967.5015899967
1013,2022-12-14,2362043.5315899965
1014,2022-12-15,2288221.7315899963
1015,2022-12-16,2262920.5015899967
1016,2022-12-17,2263115.4415899967
1017,2022-12-19,2255221.2015899965
1018,2022-12-20,2297257.611589996
1019,2022-12-21,2361667.6615899964
1020,2022-12-22,2322380.2215899965
1021,2022-12-23,2332782.9715899965
1022,2022-12-24,2332565.2815899965
1023,2022-12-27,2343074.0215899968
1024,2022-12-28,2315305.5515899966
1025,2022-12-29,2367140.1915899967
1026,2022-12-30,2358996.6715899967
1027,2022-12-31,2359648.3915899964
1028,2023-01-03,2387461.6115899966
1029,2023-01-04,2158205.5607199967
1030,2023-01-05,2153628.7607199964
1031,2023-01-06,2195367.150719997
1032,2023-01-07,2195696.9707199964
1033,2023-01-09,2219779.1107199965
1034,2023-01-10,2276435.230719996
1035,2023-01-11,2342788.8507199967
1036,2023-01-12,2366565.460719996
1037,2023-01-13,2388367.540719996
1038,2023-01-14,2388357.4907199964
1039,2023-01-17,2382608.6607199963
1040,2023-01-18,2337852.9507199964
1041,2023-01-19,2274548.460719996
1042,2023-01-20,2324028.6407199968
1043,2023-01-21,2324281.7107199966
1044,2023-01-23,2370888.1307199965
1045,2023-01-24,2377267.1407199963
1046,2023-01-25,2382245.950719997
1047,2023-01-26,2391207.180719997
1048,2023-01-27,2442240.4107199963
1049,2023-01-28,2441971.2607199964
1050,2023-01-30,2389200.5607199958
1051,2023-01-31,2404109.3207199965
1052,2023-02-01,2447476.050719996
1053,2023-02-02,2521822.0307199964
1054,2023-02-03,2449528.4107199963
1055,2023-02-04,2450197.480719996
1056,2023-02-06,2440614.770719996
1057,2023-02-07,2443659.5807199967
1058,2023-02-08,2421294.4407199966
1059,2023-02-09,2381732.5607199967
1060,2023-02-10,2391399.6807199963
1061,2023-02-11,2390897.4307199963
1062,2023-02-13,2434475.9907199964
1063,2023-02-14,2447492.230719996
1064,2023-02-15,2474906.0507199964
1065,2023-02-16,2444185.4107199963
1066,2023-02-17,2419371.4307199963
1067,2023-02-18,2419215.430719997
1068,2023-02-21,2373384.000719996
1069,2023-02-22,2392416.2407199964
1070,2023-02-23,2392250.1407199963
1071,2023-02-24,2386972.5707199965
1072,2023-02-25,2386909.8507199963
1073,2023-02-27,2397121.300719996
1074,2023-02-28,2420402.840719997
1075,2023-03-01,2390594.8707199967
1076,2023-03-02,2406904.7107199966
1077,2023-03-03,2440277.5207199967
1078,2023-03-04,2440244.3807199965
1079,2023-03-06,2451450.5507199964
1080,2023-03-07,2414472.380719996
1081,2023-03-08,2426220.9307199963
1082,2023-03-09,2475152.7907199967
1083,2023-03-10,2436932.4107199963
1084,2023-03-11,2436282.8207199965
1085,2023-03-13,2395563.4207199966
1086,2023-03-14,2442788.2707199967
1087,2023-03-15,2409159.1107199965
1088,2023-03-16,2474781.8407199965
1089,2023-03-17,2427824.310719996
1090,2023-03-20,2424986.8407199965
1091,2023-03-21,2491885.8607199965
1092,2023-03-22,2419521.990719997
1093,2023-03-23,2448212.6007199963
1094,2023-03-24,2448322.460719997
1095,2023-03-27,2478237.6507199965
1096,2023-03-28,2474378.0207199967
1097,2023-03-29,2512675.6007199967
1098,2023-03-30,2516443.940719996
1099,2023-03-31,2555001.400719996
1100,2023-04-03,2568832.020719996
1101,2023-04-04,2533064.6407199963
1102,2023-04-05,2506349.6007199967
1103,2023-04-06,2499976.800719996
1104,2023-04-10,2517827.4107199963
1105,2023-04-11,2511278.480719996
1106,2023-04-12,2496041.750719996
1107,2023-04-13,2523440.020719996
1108,2023-04-14,2545683.2407199964
1109,2023-04-17,2574333.8007199964
1110,2023-04-18,2600460.8807199965
1111,2023-04-19,2620877.770719996
1112,2023-04-20,2623366.200719997
1113,2023-04-21,2623360.3907199968
1114,2023-04-24,2634948.5407199967
1115,2023-04-25,2582173.6607199963
1116,2023-04-26,2556555.630719996
1117,2023-04-27,2612609.0583399967
1118,2023-04-28,2623921.158339997
1119,2023-05-01,2633567.128339997
1120,2023-05-02,2620627.7983399965
1121,2023-05-03,2618125.0183399967
1122,2023-05-04,2571427.6083399965
1123,2023-05-05,2609311.308339997
1124,2023-05-08,2619084.6083399965
1125,2023-05-09,2615918.818339996
1126,2023-05-10,2601911.2483399967
1127,2023-05-11,2606582.838339996
1128,2023-05-12,2583903.7483399967
1129,2023-05-15,2645911.258339997
1130,2023-05-16,2628206.7383399964
1131,2023-05-17,2692357.408339997
1132,2023-05-18,2719441.5283399965
1133,2023-05-19,2710389.978339996
1134,2023-05-22,2715343.3383399965
1135,2023-05-23,2671251.318339997
1136,2023-05-24,2653632.4383399966
1137,2023-05-25,2655221.158339997
1138,2023-05-26,2700210.978339997
1139,2023-05-30,2707462.7183399964
1140,2023-05-31,2676173.728339997
1141,2023-06-01,2746020.148339997
1142,2023-06-02,2786085.0683399965
1143,2023-06-05,2757231.728339996
1144,2023-06-06,2797499.9983399967
1145,2023-06-07,2797371.4983399967
1146,2023-06-08,2810956.688339997
1147,2023-06-09,2815139.9083399964
1148,2023-06-12,2808874.268339996
1149,2023-06-13,2823628.258339997
1150,2023-06-14,2782408.868339997
1151,2023-06-15,2812226.4183399966
1152,2023-06-16,2820543.0283399965
1153,2023-06-20,2773285.7683399967
1154,2023-06-21,2780903.5183399967
1155,2023-06-22,2775786.4083399964
1156,2023-06-23,2753075.7883399967
1157,2023-06-26,2761908.9783399967
1158,2023-06-27,2784408.8783399966
1159,2023-06-28,2822123.768339996
1160,2023-06-29,2837107.4783399967
1161,2023-06-30,2882894.0983399968
1162,2023-07-03,2864490.9283399973
1163,2023-07-05,2864231.1783399964
1164,2023-07-06,2826245.0983399963
1165,2023-07-07,2850637.658339997
1166,2023-07-10,2887558.668339997
1167,2023-07-11,2912977.928339997
1168,2023-07-12,2925275.9483399964
1169,2023-07-13,2948964.4583399966
1170,2023-07-14,2916954.0483399965
1171,2023-07-17,2936806.4183399966
1172,2023-07-18,2944766.6083399965
1173,2023-07-19,2941181.1683399966
1174,2023-07-20,2947541.5583399967
1175,2023-07-21,2930527.8183399965
1176,2023-07-24,2931918.758339997
1177,2023-07-25,3037774.2883399967
1178,2023-07-26,2998689.7683399967
1179,2023-07-27,3000228.5783399963
1180,2023-07-28,3028703.258339997
1181,2023-07-31,3022932.7883399962
1182,2023-08-01,2995322.9183399966
1183,2023-08-02,2950875.5983399963
1184,2023-08-03,2953353.158339997
1185,2023-08-04,2990773.3883399963
1186,2023-08-07,3033444.8183399965
1187,2023-08-08,2996566.0383399967
1188,2023-08-09,2955120.028339997
1189,2023-08-10,2984154.5883399965
1190,2023-08-11,2999101.0183399967
1191,2023-08-14,3015765.0283399965
1192,2023-08-15,2962884.648339996
1193,2023-08-16,2945617.098339997
1194,2023-08-17,2898031.088339997
1195,2023-08-18,2905439.7383399964
1196,2023-08-21,2912691.408339997
1197,2023-08-22,2897866.5483399965
1198,2023-08-23,2942393.1683399966
1199,2023-08-24,2886167.7983399965
1200,2023-08-25,2905938.998339997
1201,2023-08-28,2941599.738339996
1202,2023-08-29,2978191.4383399966
1203,2023-08-30,2961716.0683399965
1204,2023-08-31,2975887.028339997
1205,2023-09-01,2978707.9783399967
1206,2023-09-05,2946638.738339997
1207,2023-09-06,2934109.7183399973
1208,2023-09-07,2919372.388339997
1209,2023-09-08,2919017.4283399964
1210,2023-09-11,2980329.858339997
1211,2023-09-12,2999267.618339997
1212,2023-09-13,2982413.888339997
1213,2023-09-14,3024871.528339996
1214,2023-09-15,3005941.048339996
1215,2023-09-18,3018597.8583399965
1216,2023-09-19,3010795.717074996
1217,2023-09-20,2974524.124174996
1218,2023-09-21,2912481.7364499955
1219,2023-09-22,2879173.9970249967
1220,2023-09-25,2899283.6765149967
1221,2023-09-26,2841659.374614997
1222,2023-09-27,2858129.2301199967
1223,2023-09-28,2886292.435794997
1224,2023-09-29,2861251.379174996
1225,2023-10-02,2833427.8085399964
1226,2023-10-03,2784581.498129996
1227,2023-10-04,2816280.698129996
1228,2023-10-05,2813462.498129997
1229,2023-10-06,2867208.488129996
1230,2023-10-09,2855407.828129996
1231,2023-10-10,2884346.7881299965
1232,2023-10-11,2919996.1581299966
1233,2023-10-12,2881704.818129996
1234,2023-10-13,2831014.998129996
1235,2023-10-16,2837579.1681299964
1236,2023-10-17,2852953.2581299962
1237,2023-10-18,2787595.2781299963
1238,2023-10-19,2772674.568129997
1239,2023-10-20,2736044.7781299967
1240,2023-10-23,2743046.6881299964
1241,2023-10-24,2868471.6381299966
1242,2023-10-25,2800770.3581299973
1243,2023-10-26,2758147.398129997
1244,2023-10-27,2722083.958129997
1245,2023-10-30,2804646.338129997
1246,2023-10-31,2791144.668129996
1247,2023-11-01,2782915.0581299975
1248,2023-11-02,2820025.038129996
1249,2023-11-03,2848958.488129996
1250,2023-11-06,2894520.498129996
1251,2023-11-07,2899562.938129997
1252,2023-11-08,2931792.5681299963
1253,2023-11-09,2910388.3881299966
1254,2023-11-10,2955742.708129997
1255,2023-11-11,2955469.308129996
1256,2023-11-13,2954259.9181299964
1257,2023-11-14,3019735.4381299964
1258,2023-11-15,3001898.748129997
1259,2023-11-16,3043519.758129997
1260,2023-11-17,3069743.7281299965
1261,2023-11-18,3070097.448129996
1262,2023-11-20,3079023.1481299964
1263,2023-11-21,3060537.708129997
1264,2023-11-22,3067987.828129996
1265,2023-11-23,3066624.9781299965
1266,2023-11-24,3076570.2581299967
1267,2023-11-27,3077066.0881299963
1268,2023-11-28,3059891.838129997
1269,2023-11-29,3064534.018129996
1270,2023-11-30,3120009.338129997
1271,2023-12-01,3149362.598129996
1272,2023-12-02,3149544.978129996
1273,2023-12-04,3127934.0381299965
1274,2023-12-05,3104736.528129997
1275,2023-12-06,3087772.4981299965
1276,2023-12-07,3092414.908129997
1277,2023-12-08,3109930.9081299957
1278,2023-12-09,3109374.888129996
1279,2023-12-11,3104276.1581299966
1280,2023-12-12,3144252.3481299966
1281,2023-12-13,3151106.7581299967
1282,2023-12-14,3172922.1881299964
1283,2023-12-15,3204875.038129997
1284,2023-12-16,3204491.1381299966
1285,2023-12-18,3225510.998129996
1286,2023-12-19,3271348.0681299963
1287,2023-12-20,3209853.5781299965
1288,2023-12-21,3281057.9981299965
1289,2023-12-22,3279842.738129996
1290,2023-12-23,3280024.2281299965
1291,2023-12-26,3298682.0481299963
1292,2023-12-27,3311978.108129996
1293,2023-12-28,3317124.248129997
1294,2023-12-29,3296463.2181299957
